SourceSink,CalendarPeriod,TimeOfUse,ShadowPricePerMWH
CEDRVALE_RN,APR_2025,PeakWD,-8.839096
DSWL_BES1,APR_2025,PeakWD,1.940862
WRSBES_BESS1,APR_2025,PeakWD,-9.510014
SBEAN_BESS,APR_2025,PeakWD,-9.041423
REDBARN_RN,APR_2025,PeakWD,-5.525602
PERE_SLR_RN,APR_2025,PeakWD,2.503838
VIC_VICTORG6,APR_2025,PeakWD,0.566557
VIC_VICTORG5,APR_2025,PeakWD,0.566557
HRNT_SLR_RN,APR_2025,PeakWD,12.158646
VISION_RN,APR_2025,PeakWD,1.596309
GRIF_TRL_RN,APR_2025,PeakWD,7.561099
MYR_ALL,APR_2025,PeakWD,-2.321467
CEDROHI_CHW1,APR_2025,PeakWD,4.560159
HAMI_BESS_RN,APR_2025,PeakWD,-7.447593
CMPD_SLR_RN,APR_2025,PeakWD,9.357835
BRP_ZPT1_RN,APR_2025,PeakWD,-6.832520
N_MRD_ESR_RN,APR_2025,PeakWD,-15.749173
SPNC_SPNCE_5,APR_2025,PeakWD,4.430681
RIOG_ESR2_RN,APR_2025,PeakWD,-5.953663
VORT_ALL_RN,APR_2025,PeakWD,5.822014
SPNC_SPNCE_4,APR_2025,PeakWD,4.430681
SAN_SANMIGG1,APR_2025,PeakWD,1.502833
SC2SES_UNIT1,APR_2025,PeakWD,1.001965
MCLNSLR_RN,APR_2025,PeakWD,-6.387593
CBECII_CT7,APR_2025,PeakWD,-0.224790
MU_RN,APR_2025,PeakWD,-3.882849
WILDWIND_ALL,APR_2025,PeakWD,2.601054
TGCCS_ALL,APR_2025,PeakWD,1.493381
HB_NORTH,APR_2025,PeakWD,2.207080
COTPLNS_RN,APR_2025,PeakWD,12.031121
SIG_SLR_RN,APR_2025,PeakWD,1.176880
CISC_RN,APR_2025,PeakWD,-3.825968
CALAVER_JKS2,APR_2025,PeakWD,-3.932298
CALAVER_JKS1,APR_2025,PeakWD,-3.932298
FALFUR_RN2,APR_2025,PeakWD,1.592418
FORTMA_RN,APR_2025,PeakWD,-3.964284
CALAVER_JTD2,APR_2025,PeakWD,-3.999903
CALAVER_JTD1,APR_2025,PeakWD,-3.999903
HHGT_KENDAL,APR_2025,PeakWD,-0.030436
BRPMAGNO_RN,APR_2025,PeakWD,-4.927033
PEARSALL_RN,APR_2025,PeakWD,-3.904429
LASSO_GEN,APR_2025,PeakWD,-7.859915
LGE_LGE_GT2,APR_2025,PeakWD,0.200912
LGE_LGE_GT1,APR_2025,PeakWD,0.200912
RIPPEY_ALL,APR_2025,PeakWD,2.603886
SANDHSYD6_7,APR_2025,PeakWD,-3.171316
BRP_PBL2_RN,APR_2025,PeakWD,-8.843690
DC_R,APR_2025,PeakWD,-3.586668
PAVO_ESS_ALL,APR_2025,PeakWD,-6.518108
DC_N,APR_2025,PeakWD,7.266682
PISG_RN_ALL,APR_2025,PeakWD,1.576774
ALGOD_ALL_RN,APR_2025,PeakWD,3.668931
DC_L,APR_2025,PeakWD,7.440159
TNSKA_CCU,APR_2025,PeakWD,2.650600
VANCOURT_RN,APR_2025,PeakWD,5.308404
LPCCS_UNIT1,APR_2025,PeakWD,2.959399
DC_E,APR_2025,PeakWD,2.886462
LPCCS_UNIT2,APR_2025,PeakWD,2.959399
NCARBID_PUN1,APR_2025,PeakWD,-0.327167
NCARBID_PUN2,APR_2025,PeakWD,-0.327058
CN_BRKS_UNT1,APR_2025,PeakWD,12.069590
FAGUSSLR_RN,APR_2025,PeakWD,11.529751
QALSW_ALL,APR_2025,PeakWD,-3.398192
LZ_AEN,APR_2025,PeakWD,-3.601459
WAP_WAPGT_1,APR_2025,PeakWD,-3.900234
TXCTY_CTB,APR_2025,PeakWD,-4.969075
TXCTY_CTC,APR_2025,PeakWD,-4.969075
TORR_ALL,APR_2025,PeakWD,6.166883
TXCTY_CTA,APR_2025,PeakWD,-4.969075
REDFISH_ALL,APR_2025,PeakWD,4.313461
PANDA_T2_ST1,APR_2025,PeakWD,0.132302
SWT_BESS_RN,APR_2025,PeakWD,-4.016829
DECKER_GT,APR_2025,PeakWD,-2.833793
OBERON_U1,APR_2025,PeakWD,-8.443361
GRAN_SLR_RN,APR_2025,PeakWD,-0.321416
MISAE_GEN_RN,APR_2025,PeakWD,11.528559
N_AL_BESS_RN,APR_2025,PeakWD,-7.459711
ANEM_ESS_RN,APR_2025,PeakWD,4.518931
ASCK_SLR_RN,APR_2025,PeakWD,8.570226
LOWR_ESS_RN,APR_2025,PeakWD,-9.048857
ZIER_SLR_ALL,APR_2025,PeakWD,-6.707593
RSK_RN,APR_2025,PeakWD,0.856314
BAYC_BESS_RN,APR_2025,PeakWD,-2.700950
WHCCS2_4,APR_2025,PeakWD,3.176275
RN_ECEC_HOLT,APR_2025,PeakWD,-7.313478
BOSQ_BSQS_12,APR_2025,PeakWD,3.385840
FLTCK_SSI,APR_2025,PeakWD,-1.449323
NED_NEDIN_G1,APR_2025,PeakWD,-2.207523
LONEWOLF_ALL,APR_2025,PeakWD,3.436270
NED_NEDIN_G2,APR_2025,PeakWD,-2.107523
NED_NEDIN_G3,APR_2025,PeakWD,-1.367523
BRISCOE_WIND,APR_2025,PeakWD,11.920201
ELSAUZ_ALL,APR_2025,PeakWD,10.547617
BOSQ_BSQSU_5,APR_2025,PeakWD,3.385840
RTLSNAKE_BT,APR_2025,PeakWD,-9.499288
COTTON_PAP2,APR_2025,PeakWD,1.614178
JUNCTION_RN,APR_2025,PeakWD,-16.004284
HI_LONEB_RN1,APR_2025,PeakWD,-3.602274
AZSP_SLR_RN,APR_2025,PeakWD,0.812198
TGS_GT01,APR_2025,PeakWD,-1.815305
CRWN_SLR_UN1,APR_2025,PeakWD,2.509108
FERGCC_GT2_3,APR_2025,PeakWD,-2.121718
MLSES_UNIT1,APR_2025,PeakWD,1.574513
MLSES_UNIT2,APR_2025,PeakWD,1.574513
MLSES_UNIT3,APR_2025,PeakWD,1.574513
ROW_ALL,APR_2025,PeakWD,0.492313
MWEC_G1,APR_2025,PeakWD,2.747918
E_BLACK_RN,APR_2025,PeakWD,-1.012762
JAR_RN,APR_2025,PeakWD,-0.757345
MILTON_RN,APR_2025,PeakWD,-2.238131
CHE_PUN2,APR_2025,PeakWD,-4.431295
CHE_PUN1,APR_2025,PeakWD,-4.431295
THW_1_CCU,APR_2025,PeakWD,-4.508515
BAKE_RN_ALL,APR_2025,PeakWD,2.904184
JC_BAT_RN,APR_2025,PeakWD,-1.701718
HB_PAN,APR_2025,PeakWD,11.563857
SANDLAKE_RN,APR_2025,PeakWD,-8.826723
BOSQ_BSQS_34,APR_2025,PeakWD,2.777620
TNS_SLR_ALL,APR_2025,PeakWD,2.695840
GZ_RN,APR_2025,PeakWD,-4.378255
GBY_GT,APR_2025,PeakWD,-4.555486
FLCNS_UNIT3,APR_2025,PeakWD,1.543939
FENCESLR_ALL,APR_2025,PeakWD,1.664132
FLCNS_UNIT2,APR_2025,PeakWD,1.543939
FLCNS_UNIT1,APR_2025,PeakWD,1.543939
TOPAZ_ALL,APR_2025,PeakWD,-4.976830
CORAZON_RN,APR_2025,PeakWD,6.166883
LGW_UNIT_ALL,APR_2025,PeakWD,4.647080
JAG_SLR_RN,APR_2025,PeakWD,7.793300
GWEC_G1,APR_2025,PeakWD,0.683939
PANDA_S_ST1,APR_2025,PeakWD,2.181319
WHCCS_CT1_ST,APR_2025,PeakWD,3.177414
BOCO_ESS_RN,APR_2025,PeakWD,3.060737
FRNYPP_1_CCU,APR_2025,PeakWD,1.236088
SL_PUN2,APR_2025,PeakWD,-5.490081
SL_PUN1,APR_2025,PeakWD,-5.490081
TGW_T1_T2,APR_2025,PeakWD,8.034995
CHIL_SLR,APR_2025,PeakWD,-0.068004
COYOTSPR_RN,APR_2025,PeakWD,-8.943824
SAMSON_ALL,APR_2025,PeakWD,2.867595
TTWEC_G1,APR_2025,PeakWD,1.077080
WIPOPA_3_4,APR_2025,PeakWD,-1.020407
JUNG_SLR_RN,APR_2025,PeakWD,-0.256472
WOODWRD1_RN,APR_2025,PeakWD,-6.549562
LAPETUS_U1,APR_2025,PeakWD,-7.607086
LV5_UNIT1,APR_2025,PeakWD,-4.919557
FRNYPP_2_CCU,APR_2025,PeakWD,1.236088
FLOWERII_RN,APR_2025,PeakWD,-8.537921
PNPI_GT2_RN,APR_2025,PeakWD,-3.900234
LFSTH_RN,APR_2025,PeakWD,0.788301
CONIGLIO_RN,APR_2025,PeakWD,2.086594
MARBFA,APR_2025,PeakWD,-2.751718
HAYSEN1_2,APR_2025,PeakWD,-1.017578
HDNLAKES_RN,APR_2025,PeakWD,-4.827358
FLUVANNA_1_2,APR_2025,PeakWD,9.133953
CBY4_ALL,APR_2025,PeakWD,-4.449075
ROSELAND_ALL,APR_2025,PeakWD,2.735840
TC_PUN1,APR_2025,PeakWD,-4.151295
TC_PUN2,APR_2025,PeakWD,-4.151295
TURQ_BESS1,APR_2025,PeakWD,0.911965
LZ_CPS,APR_2025,PeakWD,-3.971526
PHOEBE_ALL,APR_2025,PeakWD,-8.416558
AMADEUS_ALL,APR_2025,PeakWD,6.810800
FERGCC_ST1_5,APR_2025,PeakWD,-2.121718
HHOLLW2_WND1,APR_2025,PeakWD,4.563939
HOL_ALL,APR_2025,PeakWD,-0.382115
FAL_FALCONG1,APR_2025,PeakWD,-3.954068
FAL_FALCONG2,APR_2025,PeakWD,-3.954068
EL_RAYO_ALL,APR_2025,PeakWD,6.683461
FAL_FALCONG3,APR_2025,PeakWD,-3.954068
CNTRY_RN,APR_2025,PeakWD,3.272471
FRYE_SLR_ALL,APR_2025,PeakWD,12.004823
CPSES_UNIT2,APR_2025,PeakWD,3.387080
THW_THWGT5X,APR_2025,PeakWD,-4.127239
TAV_RN,APR_2025,PeakWD,-2.500822
CPSES_UNIT1,APR_2025,PeakWD,3.387080
MIL_MILG1_2,APR_2025,PeakWD,0.674376
SWOOSEII_RN,APR_2025,PeakWD,-10.280719
GRANDVW1_A_B,APR_2025,PeakWD,11.908159
HB_HOUSTON,APR_2025,PeakWD,-3.051900
ETCCS_CCU,APR_2025,PeakWD,1.815709
SCSES_UNIT2,APR_2025,PeakWD,1.001965
SPLAIN1_RN,APR_2025,PeakWD,12.031121
NBOHR_RN,APR_2025,PeakWD,0.856314
WIPOPA_1_2,APR_2025,PeakWD,-1.020407
LON_RN1,APR_2025,PeakWD,-2.862369
WHMESA_U1,APR_2025,PeakWD,-1.331823
BOARDCRK_ALL,APR_2025,PeakWD,1.576774
JAY_RN_1,APR_2025,PeakWD,-0.953893
BYRDR_ES_ALL,APR_2025,PeakWD,-2.318784
SBE_RN_1,APR_2025,PeakWD,-2.337440
PHO_ALL,APR_2025,PeakWD,-0.239624
REDGATE_RN,APR_2025,PeakWD,-2.367523
TV_RN,APR_2025,PeakWD,-5.056657
CFLATS_UNIT,APR_2025,PeakWD,-0.892827
AMO_AMOCO_G1,APR_2025,PeakWD,-5.012115
AMO_AMOCO_G2,APR_2025,PeakWD,-5.012115
MERCURY_ALL,APR_2025,PeakWD,8.570226
JCKCNTY2_ST2,APR_2025,PeakWD,4.389753
AMO_AMOCO_G3,APR_2025,PeakWD,-5.012115
FORMOSA_PUN2,APR_2025,PeakWD,-0.174267
FORMOSA_PUN1,APR_2025,PeakWD,-0.174267
DOWGEN_PUN2,APR_2025,PeakWD,-0.622727
CBECII_89,APR_2025,PeakWD,-0.224790
S_HILLS_RN,APR_2025,PeakWD,3.986094
DOWGEN_PUN3,APR_2025,PeakWD,-0.622727
L_FRE_ESR_RN,APR_2025,PeakWD,9.298404
DOWGEN_PUN1,APR_2025,PeakWD,-0.622727
SIL_SILAS_9,APR_2025,PeakWD,2.005936
MGSES_CT123,APR_2025,PeakWD,0.175068
ANSON1_ALL,APR_2025,PeakWD,5.130110
SGM_SIGNALMT,APR_2025,PeakWD,-5.292038
CANYONWD_ALL,APR_2025,PeakWD,4.097634
SIL_SILAS_6,APR_2025,PeakWD,2.005936
PRSPERO2_ALL,APR_2025,PeakWD,-7.556558
BRP_SWNY_RN,APR_2025,PeakWD,-2.318784
FAULKNER_RN,APR_2025,PeakWD,-8.943824
BRTSW_BCW1,APR_2025,PeakWD,2.994425
BCK_RN,APR_2025,PeakWD,0.267883
WEBBER_WS_T1,APR_2025,PeakWD,-1.491120
TRINITY_ALL,APR_2025,PeakWD,6.873679
HEARN_RD_RN,APR_2025,PeakWD,-0.641872
SANTACRU_ALL,APR_2025,PeakWD,4.079056
DDPEC_GT6,APR_2025,PeakWD,-3.351900
PAVLOV_BT_RN,APR_2025,PeakWD,-2.820950
EBELLS_UNIT1,APR_2025,PeakWD,0.613542
DDPEC_GT1,APR_2025,PeakWD,-3.351900
DDPEC_GT4,APR_2025,PeakWD,-3.351900
DDPEC_GT2,APR_2025,PeakWD,-3.351900
DDPEC_GT3,APR_2025,PeakWD,-3.351900
PCT_RN,APR_2025,PeakWD,-0.132877
FOXTROT_ALL,APR_2025,PeakWD,4.022833
PSA_PUN4,APR_2025,PeakWD,-4.533360
PSA_PUN5,APR_2025,PeakWD,-4.553946
ELMCRK_RN,APR_2025,PeakWD,-17.354246
PSA_PUN2,APR_2025,PeakWD,-4.553946
PSA_PUN3,APR_2025,PeakWD,-4.482362
JUNO_ALL,APR_2025,PeakWD,3.060737
PSA_PUN1,APR_2025,PeakWD,-4.553946
RUSSEKST_RN,APR_2025,PeakWD,-13.606871
RIGGIN_UNIT1,APR_2025,PeakWD,-7.320847
BASTEN_CCU,APR_2025,PeakWD,-1.034502
WCPP_CT2,APR_2025,PeakWD,4.388829
WCPP_CT1,APR_2025,PeakWD,4.388829
KEO_KEO_SM1,APR_2025,PeakWD,-6.518108
NWF_NWF1,APR_2025,PeakWD,-8.006897
HRBESS_BESS,APR_2025,PeakWD,-8.078739
KEECHI_U1,APR_2025,PeakWD,1.988143
FREC_1_CCU,APR_2025,PeakWD,1.598483
RIONOG_CT2,APR_2025,PeakWD,-1.457578
RIONOG_CT3,APR_2025,PeakWD,-1.457578
BTE_PUN2,APR_2025,PeakWD,-4.449075
WLTC_ESR_RN,APR_2025,PeakWD,1.545183
BTE_PUN1,APR_2025,PeakWD,-4.449075
GARC_BESS_RN,APR_2025,PeakWD,-5.803663
GUADG_CCU1,APR_2025,PeakWD,-1.608418
LGDRAW_S_ALL,APR_2025,PeakWD,3.080737
WND_WHITNEY,APR_2025,PeakWD,2.455995
PSG_PSG_GT3,APR_2025,PeakWD,-4.849112
GUADG_CCU2,APR_2025,PeakWD,-1.608418
MDANP_CT1_2,APR_2025,PeakWD,1.955053
RAB_G1-8,APR_2025,PeakWD,0.784666
RRANCHES_ALL,APR_2025,PeakWD,-9.510014
TEN_CT1_STG,APR_2025,PeakWD,2.213363
BRP_RN_UNIT1,APR_2025,PeakWD,-4.451526
PSG_PSG_GT2,APR_2025,PeakWD,-4.849112
TRENT_TRENT,APR_2025,PeakWD,-5.662557
TC_GTG2_RN,APR_2025,PeakWD,-4.151295
KELAMSL_U1,APR_2025,PeakWD,0.705273
RIONOG_CT1,APR_2025,PeakWD,-1.457578
PAP1_PAP1,APR_2025,PeakWD,1.614178
ATK_ATKINSG7,APR_2025,PeakWD,-2.717574
PROSPERO_ALL,APR_2025,PeakWD,-7.556558
NF_BRP_RN,APR_2025,PeakWD,-9.715750
SENATEWD_1,APR_2025,PeakWD,5.760275
PENA_ALL,APR_2025,PeakWD,8.044995
FLTBES1,APR_2025,PeakWD,-8.537921
BRP_LOOP_RN,APR_2025,PeakWD,0.105528
BRP_LOP1_RN,APR_2025,PeakWD,-4.946467
CACH_ESS_RN,APR_2025,PeakWD,-1.742383
BRA_AVR_CST1,APR_2025,PeakWD,-3.591900
DIB_PUN2,APR_2025,PeakWD,-4.922665
DIB_PUN1,APR_2025,PeakWD,-4.922665
GRIM_SLR_RN,APR_2025,PeakWD,-2.843841
TKWSW_ROSCOE,APR_2025,PeakWD,4.043361
LHM_CVC_G4,APR_2025,PeakWD,-4.583360
CCEC_PUN2,APR_2025,PeakWD,1.606469
LZ_WEST,APR_2025,PeakWD,-4.940626
CCEC_PUN1,APR_2025,PeakWD,1.606469
OLNEYTN_AGR1,APR_2025,PeakWD,0.715571
DIB_DIB_G3,APR_2025,PeakWD,-4.922665
DIB_DIB_G4,APR_2025,PeakWD,-4.922665
FREC_2_CCU,APR_2025,PeakWD,1.880788
THW_THWGT_1,APR_2025,PeakWD,-5.188515
TORT_ESS_RN,APR_2025,PeakWD,-3.685012
BAFFIN_ALL,APR_2025,PeakWD,8.044995
ANDMDSLR_ALL,APR_2025,PeakWD,7.199002
LZ_LCRA,APR_2025,PeakWD,-4.973605
CLO_RN,APR_2025,PeakWD,-5.731295
DIB_DIB_G1,APR_2025,PeakWD,-4.922665
DIB_DIB_G2,APR_2025,PeakWD,-4.922665
PANDA_T1_ST1,APR_2025,PeakWD,0.132302
INDNNWP_RN,APR_2025,PeakWD,-7.203941
MNWL_BESS_RN,APR_2025,PeakWD,0.865628
RN_TOSBATT,APR_2025,PeakWD,-0.854106
MIDWY_RN,APR_2025,PeakWD,-8.196027
LAUR_BESS_RN,APR_2025,PeakWD,9.538879
TAYGETE_ALL,APR_2025,PeakWD,-8.233127
MCDLD_FCSBW1,APR_2025,PeakWD,-2.415553
LHORN_N_U1_2,APR_2025,PeakWD,11.920201
MOZART_WIND1,APR_2025,PeakWD,-0.959368
FRMRSVLW_RN,APR_2025,PeakWD,1.614331
ANG_ALL,APR_2025,PeakWD,2.610681
JADE_SLR_ALL,APR_2025,PeakWD,7.770791
CCEC_ST1,APR_2025,PeakWD,1.606469
RAMBLER_UNIT,APR_2025,PeakWD,2.610681
CALHOUN_ALL,APR_2025,PeakWD,0.012833
INDNENR_1_RN,APR_2025,PeakWD,-7.488163
NOBLESLR_ALL,APR_2025,PeakWD,3.211054
STWF_T1,APR_2025,PeakWD,-5.662557
LEG_LEG_G2,APR_2025,PeakWD,1.431428
LEG_LEG_G1,APR_2025,PeakWD,1.431428
WHTTAIL_WR1,APR_2025,PeakWD,7.194429
TRSES_UNIT6,APR_2025,PeakWD,1.650181
SCLP_SCLPC_2,APR_2025,PeakWD,-2.349706
SCLP_SCLPC_1,APR_2025,PeakWD,-2.349706
SCLP_SCLPC_4,APR_2025,PeakWD,-2.349706
SWEETWND_1,APR_2025,PeakWD,3.872268
W_PECO_UNIT1,APR_2025,PeakWD,-9.001636
AJAXWIND_RN,APR_2025,PeakWD,7.033899
ALP_BESS_RN,APR_2025,PeakWD,-10.757606
BIGSTAR_ALL,APR_2025,PeakWD,-0.633938
RN_DEC_AGR_A,APR_2025,PeakWD,3.518590
RN_DEC_AGR_B,APR_2025,PeakWD,3.618590
MROW_SLR_RN,APR_2025,PeakWD,-3.894429
ARAGORN_RN,APR_2025,PeakWD,-8.743824
PHOENIX_RN,APR_2025,PeakWD,2.201319
MIAM1_G1_G2,APR_2025,PeakWD,11.813201
WFCOGEN_13,APR_2025,PeakWD,6.309962
HWF_HWFG1,APR_2025,PeakWD,4.685880
CHE_LYD,APR_2025,PeakWD,-4.431295
HB_WEST,APR_2025,PeakWD,2.553939
RN_DEC_AGR_C,APR_2025,PeakWD,3.418590
RN_DEC_AGR_D,APR_2025,PeakWD,3.518590
STAM_SLR_ALL,APR_2025,PeakWD,2.770487
PRID_RN,APR_2025,PeakWD,2.976304
JACKCNTY_CT1,APR_2025,PeakWD,1.988143
T_CK_GT2_RN,APR_2025,PeakWD,-0.980353
JACKCNTY_CT2,APR_2025,PeakWD,1.988143
SWEC_G1,APR_2025,PeakWD,-6.443226
BYU_BYU_1,APR_2025,PeakWD,-4.972011
VICTPORT_RN,APR_2025,PeakWD,0.317936
WFCOGEN_24,APR_2025,PeakWD,6.309962
RAYB_G78910,APR_2025,PeakWD,0.045528
BYU_G4_RN,APR_2025,PeakWD,-4.972011
SJS_SJS_G2,APR_2025,PeakWD,-4.956609
SJS_SJS_G1,APR_2025,PeakWD,-4.956609
DAN_ALL,APR_2025,PeakWD,-0.560187
EIFSLR_UNIT1,APR_2025,PeakWD,2.544368
SPARTA_ALL,APR_2025,PeakWD,4.022833
BRAZ_WND_ALL,APR_2025,PeakWD,0.825068
AMO_AMOCO_S1,APR_2025,PeakWD,-5.012115
BLSMT1_5_A_6,APR_2025,PeakWD,7.417045
SSPURT_WIND1,APR_2025,PeakWD,12.019614
AMO_AMOCO_S2,APR_2025,PeakWD,-5.012115
ECLIPSE_UN1,APR_2025,PeakWD,-6.212303
LV4_UNIT_1,APR_2025,PeakWD,4.740159
EUNICE_ALL,APR_2025,PeakWD,-7.458256
STELLA_RN,APR_2025,PeakWD,8.034995
CATARINA_B1,APR_2025,PeakWD,-17.096591
DKNS_ESS_RN,APR_2025,PeakWD,8.009384
LV1A_LV1B,APR_2025,PeakWD,7.827797
AGUAYO_UNIT1,APR_2025,PeakWD,2.829264
LGD_LANGFORD,APR_2025,PeakWD,-0.792051
ADL_RN,APR_2025,PeakWD,-4.644485
DRYFRIO_RN,APR_2025,PeakWD,-5.232201
MV_VALV4_RN,APR_2025,PeakWD,-8.826576
WL_RANCH_RN,APR_2025,PeakWD,0.426679
YNG_WND_ALL,APR_2025,PeakWD,5.430916
INGLCO_PUN1,APR_2025,PeakWD,-0.032430
INGLCO_PUN2,APR_2025,PeakWD,0.040912
INGLCO_PUN3,APR_2025,PeakWD,0.047570
SADLBACK_RN,APR_2025,PeakWD,-8.853514
X443ESRN,APR_2025,PeakWD,-4.983882
PC_SOUTH_ALL,APR_2025,PeakWD,0.548726
MCSES_UNIT8,APR_2025,PeakWD,-0.465575
BRP_DIKN_RN,APR_2025,PeakWD,-5.127358
BVE_UNIT1,APR_2025,PeakWD,0.784666
SALVTION_GEN,APR_2025,PeakWD,7.531099
ALVIN_RN,APR_2025,PeakWD,-3.685012
UCC_COG_PUN2,APR_2025,PeakWD,-5.016433
BVE_UNIT2,APR_2025,PeakWD,0.784666
BVE_UNIT3,APR_2025,PeakWD,0.784666
MCSES_UNIT7,APR_2025,PeakWD,-0.465575
MCSES_UNIT6,APR_2025,PeakWD,-0.465575
SIL_SILAS_10,APR_2025,PeakWD,2.185936
HMNG_ESS_RN,APR_2025,PeakWD,3.211054
JKLP_SLR_RN,APR_2025,PeakWD,1.663796
HB_SOUTH,APR_2025,PeakWD,0.028931
LAMESASLR_G,APR_2025,PeakWD,-10.757606
HV_BESS1_RN,APR_2025,PeakWD,-4.379903
KARAKAW1_1,APR_2025,PeakWD,3.748563
TKWSW_CHAMP,APR_2025,PeakWD,4.043361
CS_RN,APR_2025,PeakWD,-4.700217
ANTL_ESS_ES1,APR_2025,PeakWD,-7.446622
CHAMON_UN2,APR_2025,PeakWD,-4.563946
CHAMON_UN1,APR_2025,PeakWD,-4.563946
AQUI_ALL,APR_2025,PeakWD,8.570226
LHM_PUN2,APR_2025,PeakWD,-4.583360
LHM_PUN1,APR_2025,PeakWD,-4.583360
SANDHSYD_5AC,APR_2025,PeakWD,-3.171316
PB2SES_CT3,APR_2025,PeakWD,-10.478306
PB2SES_CT4,APR_2025,PeakWD,-10.478306
RELOJ_ALL,APR_2025,PeakWD,6.040159
PB2SES_CT5,APR_2025,PeakWD,-10.478306
MIL_MILG345,APR_2025,PeakWD,0.674376
RVRVLYS_ALL,APR_2025,PeakWD,-0.328890
RN_OCI_ALAMO,APR_2025,PeakWD,-4.157844
PB2SES_CT1,APR_2025,PeakWD,-10.478306
PB2SES_CT2,APR_2025,PeakWD,-10.478306
TAHOKA_ALL,APR_2025,PeakWD,2.114563
GPASTURE_ALL,APR_2025,PeakWD,8.878868
PIRATE_RN,APR_2025,PeakWD,-0.353921
ASTRA_RN,APR_2025,PeakWD,12.132063
TNP_TNP_O_2,APR_2025,PeakWD,0.912389
NOVA1SLR_ALL,APR_2025,PeakWD,7.878134
MOORE_FL_RN,APR_2025,PeakWD,-3.906553
HOVEY_GEN,APR_2025,PeakWD,-7.609344
CHISMGRD_RN,APR_2025,PeakWD,3.648829
AURO_SLR_RN,APR_2025,PeakWD,0.366683
MUENSTER_RN,APR_2025,PeakWD,7.194429
STRATEGC_RN,APR_2025,PeakWD,1.294954
TNP_TNP_O_1,APR_2025,PeakWD,0.912389
TI_SOLAR_ALL,APR_2025,PeakWD,-8.743824
SHANNONW_RN,APR_2025,PeakWD,6.068056
HHOLLW3_WND1,APR_2025,PeakWD,4.563939
PRO_RN,APR_2025,PeakWD,-4.341916
GREGORY_RN,APR_2025,PeakWD,-0.050247
TYNAN_RN,APR_2025,PeakWD,-1.151276
PALACIOS_RN,APR_2025,PeakWD,-2.422509
CTW_RN,APR_2025,PeakWD,-3.020303
MAINLAND_RN,APR_2025,PeakWD,-4.575012
SRWE1_UNIT1,APR_2025,PeakWD,3.070737
PORTSL_UNIT1,APR_2025,PeakWD,5.411054
CAPRIDG4_CR4,APR_2025,PeakWD,2.379016
RN_RTS1,APR_2025,PeakWD,3.530681
LOS_LOSTPST1,APR_2025,PeakWD,-1.088994
BRP_PBL1_RN,APR_2025,PeakWD,-9.343690
MONT_WND_RN,APR_2025,PeakWD,7.581099
STEA_STEAM_2,APR_2025,PeakWD,0.851505
STEA_STEAM_1,APR_2025,PeakWD,0.851505
RHESS2_ESS1,APR_2025,PeakWD,-17.272798
STEA_STEAM_3,APR_2025,PeakWD,0.851505
OUTP_SLR_RN,APR_2025,PeakWD,4.410159
GOLINDA_UN1,APR_2025,PeakWD,2.509108
JAD_RN,APR_2025,PeakWD,-4.688328
BYU_BYU_12,APR_2025,PeakWD,-4.972011
HYDR_ESS_RN,APR_2025,PeakWD,-5.525602
OGSES_2,APR_2025,PeakWD,1.185498
DGFS_ESR_RN,APR_2025,PeakWD,-7.050019
OGSES_1,APR_2025,PeakWD,1.185498
MESQCRK_ALL,APR_2025,PeakWD,3.070737
DA_BESS2,APR_2025,PeakWD,-3.019066
GKS_BESS_RN,APR_2025,PeakWD,2.220159
RIOG_ESR_RN,APR_2025,PeakWD,-5.953663
SCES_UNIT1,APR_2025,PeakWD,2.695840
SPLAIN2_RN,APR_2025,PeakWD,12.031121
WFTANK_ESS1,APR_2025,PeakWD,4.842418
BBREEZE_1_2,APR_2025,PeakWD,10.547617
BRAUNIG_VHB3,APR_2025,PeakWD,-3.981526
HICK_G1_G2,APR_2025,PeakWD,-1.331823
PYR_PYRON1,APR_2025,PeakWD,4.043361
BRAUNIG_VHB1,APR_2025,PeakWD,-3.909110
BRAUNIG_VHB2,APR_2025,PeakWD,-3.909110
WIR_WIRTZ_G1,APR_2025,PeakWD,-2.191718
WIR_WIRTZ_G2,APR_2025,PeakWD,-2.191718
HRZN_SLR_UN1,APR_2025,PeakWD,-3.754429
JUNORTH_RN,APR_2025,PeakWD,-15.324284
EMPCT_RN,APR_2025,PeakWD,0.968023
AZ_ALL,APR_2025,PeakWD,-5.433770
LACASAWD_RN,APR_2025,PeakWD,1.932518
BYU_BYU_34,APR_2025,PeakWD,-4.972011
OXY_OXY_CCG1,APR_2025,PeakWD,1.264178
COYOTSPR_AGR,APR_2025,PeakWD,-8.943824
STAR_SLR_RN,APR_2025,PeakWD,-6.311770
SWTWN4_WND45,APR_2025,PeakWD,3.872268
CITYVICT_ALL,APR_2025,PeakWD,0.566557
CARBN_BSP_1,APR_2025,PeakWD,-5.232038
TRUSGILL_RN,APR_2025,PeakWD,7.549745
DENISON_G1_2,APR_2025,PeakWD,2.191273
LZ_NORTH,APR_2025,PeakWD,1.636025
BATCAVE_RN,APR_2025,PeakWD,-3.964284
FWLR_SLR_1,APR_2025,PeakWD,-6.113162
FIVEWSLR_ALL,APR_2025,PeakWD,-0.068004
PANDA_T2_CT2,APR_2025,PeakWD,0.132302
PANDA_T2_CT1,APR_2025,PeakWD,0.132302
MAR_MARSFOG3,APR_2025,PeakWD,-2.995150
MAR_MARSFOG2,APR_2025,PeakWD,-3.005150
MAR_MARSFOG1,APR_2025,PeakWD,-3.035150
EXGNSND_RN,APR_2025,PeakWD,-6.782520
TBWF_ES_BES1,APR_2025,PeakWD,-6.038446
HLSES_UNIT3,APR_2025,PeakWD,3.647298
HLSES_UNIT4,APR_2025,PeakWD,3.648369
HLSES_UNIT5,APR_2025,PeakWD,3.647298
BAIRDWND_ALL,APR_2025,PeakWD,5.572903
SWOOSE1_U1,APR_2025,PeakWD,-10.280719
AZURE_RN,APR_2025,PeakWD,6.167072
HB_HUBAVG,APR_2025,PeakWD,0.438034
DANSBY_ALL,APR_2025,PeakWD,-2.580659
BULLCRK_1_2,APR_2025,PeakWD,0.763607
GIGA_ESS_RN,APR_2025,PeakWD,-0.883938
CHE_LYD2,APR_2025,PeakWD,-4.431295
LV3_RN,APR_2025,PeakWD,4.643698
RDCAN_RDCNY1,APR_2025,PeakWD,1.507662
BSS_U1,APR_2025,PeakWD,-2.361542
BRPANGLE_RN,APR_2025,PeakWD,-2.336687
GREASWOD_ALL,APR_2025,PeakWD,-5.563207
CVC_CVC_G2,APR_2025,PeakWD,-4.435288
CVC_CVC_G3,APR_2025,PeakWD,-4.435288
ENDPARK_ESS1,APR_2025,PeakWD,9.133953
FOARDCTY_ALL,APR_2025,PeakWD,7.679745
CVC_CVCG1_5,APR_2025,PeakWD,-4.435288
ELSA_ESR_RN,APR_2025,PeakWD,-8.448990
RANCHERO_ALL,APR_2025,PeakWD,-1.800628
ODESW_RN,APR_2025,PeakWD,-5.415553
RADN_SLR_ALL,APR_2025,PeakWD,3.707493
WAKEWE_ALL,APR_2025,PeakWD,8.009384
POTSVIL_RN,APR_2025,PeakWD,-0.449344
MEDILA_RN,APR_2025,PeakWD,-12.254278
ANACACHO_ANA,APR_2025,PeakWD,-5.951520
HB_BUSAVG,APR_2025,PeakWD,1.017046
BRP_BRAZ_RN,APR_2025,PeakWD,-2.270516
CALAVER_OWS1,APR_2025,PeakWD,-3.957091
DA_BESS,APR_2025,PeakWD,-3.019066
FRONT_EC_RN3,APR_2025,PeakWD,-4.009841
COL_COLETOG1,APR_2025,PeakWD,2.271736
CALAVER_OWS2,APR_2025,PeakWD,-3.957091
HALO_RN1,APR_2025,PeakWD,0.144641
FRONT_EC_RN2,APR_2025,PeakWD,-4.009841
FRONT_EC_RN1,APR_2025,PeakWD,-4.009841
DDPEC_ST1,APR_2025,PeakWD,-3.351900
DC2SES_ALL,APR_2025,PeakWD,2.347659
SHAFFER_ALL,APR_2025,PeakWD,4.978534
HOUSEMTN_RN,APR_2025,PeakWD,-7.859915
REROCK_ALL,APR_2025,PeakWD,-7.608500
PEARSA_1_24,APR_2025,PeakWD,-3.904429
CRANELL_ALL,APR_2025,PeakWD,2.406820
LZ_SOUTH,APR_2025,PeakWD,-2.412827
PSA_PSA_G5,APR_2025,PeakWD,-4.553946
PSA_PSA_G6,APR_2025,PeakWD,-4.553946
BCH_RN,APR_2025,PeakWD,-2.321467
PANDA_S_CT2,APR_2025,PeakWD,2.181319
PSA_PSA_G7,APR_2025,PeakWD,-4.553946
SGSA_DGR,APR_2025,PeakWD,-7.609344
CAL_PUN1,APR_2025,PeakWD,-5.005288
CAL_PUN2,APR_2025,PeakWD,-5.005288
TIMPP_RN2,APR_2025,PeakWD,-1.208666
ABINDUST_RN,APR_2025,PeakWD,-17.045511
TIMPP_RN1,APR_2025,PeakWD,-1.208666
PLATINUM_RN,APR_2025,PeakWD,2.418128
SWEETWN3_3,APR_2025,PeakWD,3.872268
MAND_SLR_RN,APR_2025,PeakWD,0.498185
GOMZ_RN,APR_2025,PeakWD,-7.918739
WOODWRD2_RN,APR_2025,PeakWD,-6.549562
WNDTS2_UNIT1,APR_2025,PeakWD,6.174333
PSA_PSA_G1,APR_2025,PeakWD,-4.483946
PANDA_S_CT1,APR_2025,PeakWD,2.181319
PSA_PSA_G2,APR_2025,PeakWD,-4.483946
PSA_PSA_G3,APR_2025,PeakWD,-4.532701
PSA_PSA_G4,APR_2025,PeakWD,-4.483154
WES_ALL,APR_2025,PeakWD,-2.492510
BR_VHB6CT5_6,APR_2025,PeakWD,-3.909110
MDANP_CT5_6,APR_2025,PeakWD,1.955053
OLIN_OLING_4,APR_2025,PeakWD,0.833770
OR_BESS_RN,APR_2025,PeakWD,-3.240290
OLIN_OLING_3,APR_2025,PeakWD,0.833770
LEONLCPCT3_4,APR_2025,PeakWD,-5.022710
OLIN_OLING_2,APR_2025,PeakWD,0.833770
OLIN_OLING_1,APR_2025,PeakWD,0.543770
STP_STP_G2,APR_2025,PeakWD,0.000000
STP_STP_G1,APR_2025,PeakWD,0.000000
SANDHSYD1_2,APR_2025,PeakWD,-3.171316
ROUTE66_RN,APR_2025,PeakWD,11.908159
AUSTPL_ALL,APR_2025,PeakWD,-5.443605
SLCN_ESS_ALL,APR_2025,PeakWD,-1.008387
ELECTRAW_1_2,APR_2025,PeakWD,7.227515
ELZA_SLR_RN,APR_2025,PeakWD,1.230568
OGS_SLR_RN,APR_2025,PeakWD,-0.238253
SPTX12B_RN,APR_2025,PeakWD,-6.008446
LZ_RAYBN,APR_2025,PeakWD,1.240788
AMOCO_PUN1,APR_2025,PeakWD,-5.012115
AMOCO_PUN2,APR_2025,PeakWD,-5.012115
TTRSW_RN,APR_2025,PeakWD,2.867595
OWF_OWF,APR_2025,PeakWD,-3.158577
BOOTLEG_UN1,APR_2025,PeakWD,-5.525602
B_DAVIS_4,APR_2025,PeakWD,1.941736
B_DAVIS_3,APR_2025,PeakWD,1.941736
CNLY_ESS_RN,APR_2025,PeakWD,2.174333
WH_WIND_ALL,APR_2025,PeakWD,4.407292
BRP_ZPT2_RN,APR_2025,PeakWD,-6.762520
LV3_UNIT1,APR_2025,PeakWD,4.730159
MIRAGE_G1,APR_2025,PeakWD,-4.968433
DUKE_GST1CCU,APR_2025,PeakWD,-2.527919
JCKCNTY2_CT4,APR_2025,PeakWD,4.389753
JCKCNTY2_CT3,APR_2025,PeakWD,4.389753
BYU_PUN4,APR_2025,PeakWD,-4.972011
W_HRL_ESR_RN,APR_2025,PeakWD,-8.636493
LZ_HOUSTON,APR_2025,PeakWD,-3.851900
VLSES_UNIT3,APR_2025,PeakWD,2.411319
HHOLLW4_WND1,APR_2025,PeakWD,4.563939
BYU_PUN1,APR_2025,PeakWD,-4.972011
AMISTAD_ALL,APR_2025,PeakWD,-7.157593
LMO_ESR_RN,APR_2025,PeakWD,-3.227820
BYU_PUN2,APR_2025,PeakWD,-4.972011
BYU_PUN3,APR_2025,PeakWD,-4.972011
LMAJADAS_ALL,APR_2025,PeakWD,9.399127
WGU_RN,APR_2025,PeakWD,-2.799066
CHALUP_ALL,APR_2025,PeakWD,9.686961
BR_VHB6CT7_8,APR_2025,PeakWD,-3.909110
GUNMTN_NODE,APR_2025,PeakWD,-11.557736
CAPRIDGE_ALL,APR_2025,PeakWD,2.379016
MARIAH_ALL,APR_2025,PeakWD,12.132063
HRFDWIND_ALL,APR_2025,PeakWD,12.132063
SLTFRK_UN1_2,APR_2025,PeakWD,11.803201
LEONLCPCT1_2,APR_2025,PeakWD,-5.022710
MDANP_CT3_4,APR_2025,PeakWD,2.743591
CAMWIND_RN,APR_2025,PeakWD,9.241828
ELS_RN_1,APR_2025,PeakWD,1.833363
SANDHSYD3_4,APR_2025,PeakWD,-3.171316
HLY_RN,APR_2025,PeakWD,-4.700217
EXGNWTL_1,APR_2025,PeakWD,4.560159
BARROW_ALL,APR_2025,PeakWD,-7.509454
BUCHAN_ALL,APR_2025,PeakWD,-5.674284
GOA_GOATWIND,APR_2025,PeakWD,2.367048
LGE_LGE_STG,APR_2025,PeakWD,0.200912
RN_APOGEE,APR_2025,PeakWD,9.741855
PH1_UNIT1_2,APR_2025,PeakWD,11.855072
LIG_RN,APR_2025,PeakWD,-4.564389
PHILLWND_ALL,APR_2025,PeakWD,3.405840
GOODNIT1_ALL,APR_2025,PeakWD,11.911569
FLVABES1_ESR,APR_2025,PeakWD,-8.537921
LBRA_BES1,APR_2025,PeakWD,-1.520482
PC_NORTH_1,APR_2025,PeakWD,0.548726
PITSDD_UNIT1,APR_2025,PeakWD,1.955995
GALO_RN1,APR_2025,PeakWD,3.366308
BRIGHTSD_RN,APR_2025,PeakWD,0.010581
PIONR_DJ_RN,APR_2025,PeakWD,-3.744071
HI_LONE_ALL,APR_2025,PeakWD,-3.602274
IND_INADALE1,APR_2025,PeakWD,4.043361
BRANDON_RN,APR_2025,PeakWD,1.515748
QUEEN_BA_RN,APR_2025,PeakWD,-5.474595
WCPP_ST1,APR_2025,PeakWD,4.388829
SWEETWN2_2_4,APR_2025,PeakWD,3.872268
PAULN_RN,APR_2025,PeakWD,0.499506
WAP_WAP_G4,APR_2025,PeakWD,-4.286059
NACPW_UNIT1,APR_2025,PeakWD,1.104147
WAP_WAP_G3,APR_2025,PeakWD,-4.286059
FERMI_ALL,APR_2025,PeakWD,-7.446622
WHCCS2_5_6,APR_2025,PeakWD,3.176780
WAP_WAP_G2,APR_2025,PeakWD,-3.900234
WAP_WAP_G1,APR_2025,PeakWD,-3.900234
DERMOTT_ALL,APR_2025,PeakWD,7.759963
LACY_CRK_ALL,APR_2025,PeakWD,1.173534
NUE_NUECESG7,APR_2025,PeakWD,1.906469
NUE_NUECESG8,APR_2025,PeakWD,1.496469
NUE_NUECESG9,APR_2025,PeakWD,1.494709
ANOL_ESS_RN,APR_2025,PeakWD,1.439994
RN_SR_WIND1,APR_2025,PeakWD,9.156961
RPUBRDS_RN,APR_2025,PeakWD,-2.269177
FTR_FTR_G1_4,APR_2025,PeakWD,-3.467611
INDNENR_2_RN,APR_2025,PeakWD,-6.829799
OECCS_2,APR_2025,PeakWD,-4.632628
MGSES_CT456,APR_2025,PeakWD,0.175068
BRIGHTSD_U1,APR_2025,PeakWD,-0.203150
WHCCS_CT2,APR_2025,PeakWD,3.177414
RIONOG_ST1,APR_2025,PeakWD,-1.457578
TOYAH_RN,APR_2025,PeakWD,-7.878209
VENADO_ALL,APR_2025,PeakWD,-4.853663
TUL_SLR_ALL,APR_2025,PeakWD,-0.537984
OECCS_1,APR_2025,PeakWD,-4.632628
BRHEIGHT_RN,APR_2025,PeakWD,-4.958193
PTLBES_BESS1,APR_2025,PeakWD,-0.687167
TRUENO_ALL,APR_2025,PeakWD,6.683461
BTM_ALL,APR_2025,PeakWD,-2.863600
HOLSTEIN_ALL,APR_2025,PeakWD,4.345336
SIRIUS_UNIT1,APR_2025,PeakWD,-6.935186
LARDVFTN_G5,APR_2025,PeakWD,7.400159
CROSSETT_ALL,APR_2025,PeakWD,-6.242509
LARDVFTN_G4,APR_2025,PeakWD,7.400159
HORSECRK_RN,APR_2025,PeakWD,7.531099
GAMBIT_RN,APR_2025,PeakWD,-2.336687
NEBULA_RN,APR_2025,PeakWD,5.308404
PALE_ESS_EN,APR_2025,PeakWD,9.427710
CRAWFISH_RN,APR_2025,PeakWD,-1.530265
BLACKJAK_RN,APR_2025,PeakWD,2.406820
SNY_BESS_RN,APR_2025,PeakWD,-1.569454
CSC_CSECG1_2,APR_2025,PeakWD,1.781810
WOV_BESS_RN,APR_2025,PeakWD,-6.778192
MUSTNGCK_ALL,APR_2025,PeakWD,-1.577689
TYLRWIND_RN,APR_2025,PeakWD,7.194429
FPPYD_FPP_G1,APR_2025,PeakWD,0.288284
BORDAS_345,APR_2025,PeakWD,5.880159
FPPYD_FPP_G3,APR_2025,PeakWD,0.290459
FPPYD_FPP_G2,APR_2025,PeakWD,0.288284
THW_2_CCU,APR_2025,PeakWD,-4.508515
LPCCS_CT22,APR_2025,PeakWD,2.979399
APPALOSA_ALL,APR_2025,PeakWD,-10.234357
LPCCS_CT21,APR_2025,PeakWD,2.979399
GRDNE_ESR_RN,APR_2025,PeakWD,-2.858006
PALMWI_UNIT1,APR_2025,PeakWD,9.182081
INKS_INKS_G1,APR_2025,PeakWD,-4.674284
MYRY_ESR_RN,APR_2025,PeakWD,-3.644105
RBN_BESS1,APR_2025,PeakWD,-3.529326
SUNVASLR_ALL,APR_2025,PeakWD,8.565053
TRIPBUT1_RN,APR_2025,PeakWD,-7.699915
DUKE_GT2_CCU,APR_2025,PeakWD,-2.527919
WAP_WAP_G8,APR_2025,PeakWD,0.772394
PANDA_T1_CT2,APR_2025,PeakWD,0.132302
WAP_WAP_G7,APR_2025,PeakWD,-1.103793
EBNY_ESS_RN,APR_2025,PeakWD,-3.298998
WAP_WAP_G6,APR_2025,PeakWD,-1.103793
SWFT_SLR_RN,APR_2025,PeakWD,-8.102165
WAP_WAP_G5,APR_2025,PeakWD,-3.900234
CHAL_SLR_RN,APR_2025,PeakWD,-9.038727
SG_BES_BESS1,APR_2025,PeakWD,-7.321987
PANDA_T1_CT1,APR_2025,PeakWD,0.132302
NCARBIDE_1_7,APR_2025,PeakWD,-0.327112
PAD1_ESS_RN,APR_2025,PeakWD,-3.957091
CBY_CBY_G1,APR_2025,PeakWD,-5.029560
CBY_CBY_G2,APR_2025,PeakWD,-4.748564
BUFF_GAP_ALL,APR_2025,PeakWD,4.563939
MRKM_SLR_RN,APR_2025,PeakWD,1.952815
HAYSEN3_4,APR_2025,PeakWD,-1.017578
DUP_PUN2,APR_2025,PeakWD,0.317936
DUP_PUN1,APR_2025,PeakWD,0.317936
DUP_PUN4,APR_2025,PeakWD,0.317936
CALLAHA_WND1,APR_2025,PeakWD,8.017314
DUP_PUN3,APR_2025,PeakWD,0.317936
OLNEYTN_RN,APR_2025,PeakWD,0.715571
BLVN_RN,APR_2025,PeakWD,3.004692
CORALSLR_ALL,APR_2025,PeakWD,2.273215
LPCCS_CT11,APR_2025,PeakWD,2.979399
SROSA_ESR_RN,APR_2025,PeakWD,1.963742
LPCCS_CT12,APR_2025,PeakWD,2.959399
INRT_W_ALL,APR_2025,PeakWD,6.177072
DAG_ALL,APR_2025,PeakWD,-1.509647
7RNCHSLR_ALL,APR_2025,PeakWD,-1.671661
WEC_WECG1,APR_2025,PeakWD,0.800039
ELB_ELBCREEK,APR_2025,PeakWD,0.548726
MYRY_BES2_RN,APR_2025,PeakWD,-3.644105
HELIOS_RN,APR_2025,PeakWD,-4.009121
HOLCOMB_RN1,APR_2025,PeakWD,-7.229872
PEY_RN,APR_2025,PeakWD,-0.132877
SADLBCK_AGR1,APR_2025,PeakWD,-8.853514
GID_GIDEONG1,APR_2025,PeakWD,-1.416800
DIBOL_RN,APR_2025,PeakWD,0.788301
GID_GIDEONG2,APR_2025,PeakWD,-1.416800
SOLARA_UNIT1,APR_2025,PeakWD,5.629378
GID_GIDEONG3,APR_2025,PeakWD,-1.416800
BKSL_RN,APR_2025,PeakWD,8.009384
LOS_LOSTPGT1,APR_2025,PeakWD,-1.088994
MASSENGL_G7,APR_2025,PeakWD,6.892063
FRMR_BS2_RN1,APR_2025,PeakWD,1.614331
MASSENGL_G6,APR_2025,PeakWD,6.892063
PRCRK_RN,APR_2025,PeakWD,0.987518
LOS_LOSTPGT2,APR_2025,PeakWD,-1.088994
MASSENGL_G8,APR_2025,PeakWD,14.626882
SHEEPCRK_1,APR_2025,PeakWD,6.052903
CASL_GAP_UN1,APR_2025,PeakWD,-5.998918
FERGCC_GT1_1,APR_2025,PeakWD,-2.121718
PSG_PSG_ST1,APR_2025,PeakWD,-4.849112
AVIAT_ALL,APR_2025,PeakWD,2.379016
PH2_U1_U2,APR_2025,PeakWD,11.855072
TREB_SOLAR1,APR_2025,PeakWD,0.012833
GRSES_UNIT1,APR_2025,PeakWD,4.856831
FTWIND_UNIT1,APR_2025,PeakWD,5.035455
GRSES_UNIT2,APR_2025,PeakWD,5.228012
FALFUR_RN,APR_2025,PeakWD,1.592418
WAYMARK_RN,APR_2025,PeakWD,-5.525602
H_HOLLO_WND1,APR_2025,PeakWD,4.573939
OXY_PUN1,APR_2025,PeakWD,1.264178
OXY_PUN2,APR_2025,PeakWD,1.264178
TXCTY_ST,APR_2025,PeakWD,-4.969075
ANCHOR_ALL,APR_2025,PeakWD,5.632903
LONESTAR_RN,APR_2025,PeakWD,-8.723478
EXN_PUN3,APR_2025,PeakWD,-4.843114
EXN_PUN2,APR_2025,PeakWD,-4.843114
EXN_PUN1,APR_2025,PeakWD,-4.843114
BLUEJAY_RN,APR_2025,PeakWD,-2.556886
DMA_RN,APR_2025,PeakWD,-1.499153
DILEOS_UNIT1,APR_2025,PeakWD,2.016474
ESTONIAN_ALL,APR_2025,PeakWD,2.411319
HORSCR_RN,APR_2025,PeakWD,-6.510815
TRBT_SLR_RN,APR_2025,PeakWD,-5.513207
RRC_WIND_ALL,APR_2025,PeakWD,5.812903
SKY1,APR_2025,PeakWD,-1.875921
JACKCNTY_STG,APR_2025,PeakWD,1.988143
KARAKAW2_1,APR_2025,PeakWD,3.748563
WHITE_PT_UN1,APR_2025,PeakWD,1.560833
STEAM_ENG123,APR_2025,PeakWD,0.851505
VERAWIND_ALL,APR_2025,PeakWD,7.501099
AE_RN,APR_2025,PeakWD,-2.320543
WIG_BESS_RN,APR_2025,PeakWD,1.140788
BELM_SLR_RN,APR_2025,PeakWD,3.075850
NCO_RN,APR_2025,PeakWD,-2.378509
PLN_ALL,APR_2025,PeakWD,-0.560187
LILY_RN,APR_2025,PeakWD,0.444331
BUCKTHRN_RN,APR_2025,PeakWD,-0.139258
FEGC_RN,APR_2025,PeakWD,-4.341916
CBEC_ALL,APR_2025,PeakWD,-2.061333
FILESSLR_PV1,APR_2025,PeakWD,9.515053
BCATWD_WD_1,APR_2025,PeakWD,7.694429
HOPKNSLR_ALL,APR_2025,PeakWD,2.761054
RAT_RN_1,APR_2025,PeakWD,2.077080
SCLP_PUN2,APR_2025,PeakWD,-2.349706
SCLP_PUN3,APR_2025,PeakWD,-2.349706
SCLP_PUN4,APR_2025,PeakWD,-2.348946
BAC_RN_ALL,APR_2025,PeakWD,-4.942115
BRA_AVR1_CT2,APR_2025,PeakWD,-3.591900
CITRUSCY_RN,APR_2025,PeakWD,-3.916553
BR_ARROW_ALL,APR_2025,PeakWD,2.744951
LIGSW_RN,APR_2025,PeakWD,2.302471
SCLP_PUN1,APR_2025,PeakWD,-2.348910
LHSES_UNIT1,APR_2025,PeakWD,1.179112
LHSES_UNIT2,APR_2025,PeakWD,1.179112
NOVA2S_UNIT1,APR_2025,PeakWD,7.878134
QUEEN_SL_RN,APR_2025,PeakWD,-5.474595
CABEZON_ALL,APR_2025,PeakWD,5.055771
CHEDPW_GT2,APR_2025,PeakWD,-4.435754
T_CK_GT3_RN,APR_2025,PeakWD,-0.980353
SHAMROCK_RN,APR_2025,PeakWD,-1.553457
TAYGETE2_ALL,APR_2025,PeakWD,-8.233127
B_D_B_DAVIG2,APR_2025,PeakWD,1.941736
MESTENO_RN,APR_2025,PeakWD,4.740159
MIRASOLE_GEN,APR_2025,PeakWD,4.518931
LNCRK_ALL,APR_2025,PeakWD,4.527083
KINGE_ALL,APR_2025,PeakWD,-6.234357
MADERO_RN,APR_2025,PeakWD,-3.477469
CR_RN,APR_2025,PeakWD,-4.748515
B_D_B_DAVIG1,APR_2025,PeakWD,1.941736
VERTIGO_UN1,APR_2025,PeakWD,8.878868
AEEC,APR_2025,PeakWD,9.437710
KINGW_ALL,APR_2025,PeakWD,-6.038446
ERSL_RN,APR_2025,PeakWD,-4.320098
CCEC_GT1,APR_2025,PeakWD,1.606469
CONTINEN_RN,APR_2025,PeakWD,-5.953663
JDKNS_RN,APR_2025,PeakWD,-16.032290
SP_RN,APR_2025,PeakWD,-4.862420
CCEC_GT2,APR_2025,PeakWD,1.606469
MAVCRK_W_ALL,APR_2025,PeakWD,3.366308
IMP_RN1,APR_2025,PeakWD,2.940788
CEDRVALE_RN,APR_2025,Off-peak,-29.901915
DSWL_BES1,APR_2025,Off-peak,1.305248
WRSBES_BESS1,APR_2025,Off-peak,-31.676796
REDBARN_RN,APR_2025,Off-peak,-21.027110
VISION_RN,APR_2025,Off-peak,0.849136
GRIF_TRL_RN,APR_2025,Off-peak,7.160667
PERE_SLR_RN,APR_2025,Off-peak,0.325894
VIC_VICTORG6,APR_2025,Off-peak,-0.962247
VIC_VICTORG5,APR_2025,Off-peak,-0.962247
MYR_ALL,APR_2025,Off-peak,-0.617999
HAMI_BESS_RN,APR_2025,Off-peak,-21.124591
CMPD_SLR_RN,APR_2025,Off-peak,1.646764
BRP_ZPT1_RN,APR_2025,Off-peak,5.416228
N_MRD_ESR_RN,APR_2025,Off-peak,0.465409
SPNC_SPNCE_5,APR_2025,Off-peak,6.092665
RIOG_ESR2_RN,APR_2025,Off-peak,1.609948
VORT_ALL_RN,APR_2025,Off-peak,5.390712
SPNC_SPNCE_4,APR_2025,Off-peak,6.092665
SAN_SANMIGG1,APR_2025,Off-peak,-1.372014
SC2SES_UNIT1,APR_2025,Off-peak,0.877122
HRNT_SLR_RN,APR_2025,Off-peak,11.322607
SBEAN_BESS,APR_2025,Off-peak,-30.497634
CEDROHI_CHW1,APR_2025,Off-peak,8.897213
MCLNSLR_RN,APR_2025,Off-peak,-15.767093
CBECII_CT7,APR_2025,Off-peak,-0.499695
MU_RN,APR_2025,Off-peak,-0.753585
WILDWIND_ALL,APR_2025,Off-peak,1.693009
TGCCS_ALL,APR_2025,Off-peak,0.941870
HB_NORTH,APR_2025,Off-peak,1.355938
COTPLNS_RN,APR_2025,Off-peak,11.153746
SIG_SLR_RN,APR_2025,Off-peak,1.085335
CISC_RN,APR_2025,Off-peak,0.466805
CALAVER_JKS2,APR_2025,Off-peak,-2.160488
FALFUR_RN2,APR_2025,Off-peak,3.250735
FORTMA_RN,APR_2025,Off-peak,0.823347
CALAVER_JTD2,APR_2025,Off-peak,-2.600198
CALAVER_JTD1,APR_2025,Off-peak,-2.600198
HHGT_KENDAL,APR_2025,Off-peak,-1.947978
BRPMAGNO_RN,APR_2025,Off-peak,-0.891299
PEARSALL_RN,APR_2025,Off-peak,-10.147064
LASSO_GEN,APR_2025,Off-peak,-26.783512
LGE_LGE_GT2,APR_2025,Off-peak,-0.173518
LGE_LGE_GT1,APR_2025,Off-peak,-0.173518
RIPPEY_ALL,APR_2025,Off-peak,4.196433
SANDHSYD6_7,APR_2025,Off-peak,-1.112428
BRP_PBL2_RN,APR_2025,Off-peak,-18.808435
DC_R,APR_2025,Off-peak,2.689687
PAVO_ESS_ALL,APR_2025,Off-peak,-24.184131
DC_N,APR_2025,Off-peak,6.854822
PISG_RN_ALL,APR_2025,Off-peak,0.817153
ALGOD_ALL_RN,APR_2025,Off-peak,0.939544
DC_L,APR_2025,Off-peak,13.133615
TNSKA_CCU,APR_2025,Off-peak,1.278872
VANCOURT_RN,APR_2025,Off-peak,2.621038
LPCCS_UNIT1,APR_2025,Off-peak,1.281737
DC_E,APR_2025,Off-peak,1.214487
LPCCS_UNIT2,APR_2025,Off-peak,1.281737
NCARBID_PUN1,APR_2025,Off-peak,-1.203744
NCARBID_PUN2,APR_2025,Off-peak,-1.203707
CN_BRKS_UNT1,APR_2025,Off-peak,11.178654
FAGUSSLR_RN,APR_2025,Off-peak,10.294657
QALSW_ALL,APR_2025,Off-peak,-12.880145
LZ_AEN,APR_2025,Off-peak,-1.113888
WAP_WAPGT_1,APR_2025,Off-peak,-0.686852
TXCTY_CTB,APR_2025,Off-peak,-0.874992
TXCTY_CTC,APR_2025,Off-peak,-0.874992
TORR_ALL,APR_2025,Off-peak,9.036315
TXCTY_CTA,APR_2025,Off-peak,-0.874992
REDFISH_ALL,APR_2025,Off-peak,4.862767
PANDA_T2_ST1,APR_2025,Off-peak,-0.444655
SWT_BESS_RN,APR_2025,Off-peak,-0.857843
DECKER_GT,APR_2025,Off-peak,-1.095376
OBERON_U1,APR_2025,Off-peak,-28.612103
GRAN_SLR_RN,APR_2025,Off-peak,-0.730689
MISAE_GEN_RN,APR_2025,Off-peak,10.292616
N_AL_BESS_RN,APR_2025,Off-peak,2.254050
ANEM_ESS_RN,APR_2025,Off-peak,5.436228
LOWR_ESS_RN,APR_2025,Off-peak,1.960926
ZIER_SLR_ALL,APR_2025,Off-peak,-19.014591
RSK_RN,APR_2025,Off-peak,-1.032316
BAYC_BESS_RN,APR_2025,Off-peak,-1.640805
WHCCS2_4,APR_2025,Off-peak,2.134316
RN_ECEC_HOLT,APR_2025,Off-peak,-24.200098
BOSQ_BSQS_12,APR_2025,Off-peak,0.912907
FLTCK_SSI,APR_2025,Off-peak,0.484125
NED_NEDIN_G1,APR_2025,Off-peak,2.849648
LONEWOLF_ALL,APR_2025,Off-peak,2.024144
NED_NEDIN_G2,APR_2025,Off-peak,2.849648
NED_NEDIN_G3,APR_2025,Off-peak,2.935856
BRISCOE_WIND,APR_2025,Off-peak,10.946930
ELSAUZ_ALL,APR_2025,Off-peak,6.231812
BOSQ_BSQSU_5,APR_2025,Off-peak,0.912907
RTLSNAKE_BT,APR_2025,Off-peak,-31.882103
COTTON_PAP2,APR_2025,Off-peak,0.682890
JUNCTION_RN,APR_2025,Off-peak,-20.286385
HI_LONEB_RN1,APR_2025,Off-peak,-13.817110
AZSP_SLR_RN,APR_2025,Off-peak,0.814602
TGS_GT01,APR_2025,Off-peak,-0.877666
CRWN_SLR_UN1,APR_2025,Off-peak,0.248121
FERGCC_GT2_3,APR_2025,Off-peak,-0.328659
MLSES_UNIT1,APR_2025,Off-peak,0.972372
MLSES_UNIT2,APR_2025,Off-peak,0.972372
MLSES_UNIT3,APR_2025,Off-peak,0.972372
MWEC_G1,APR_2025,Off-peak,3.306844
E_BLACK_RN,APR_2025,Off-peak,-0.928945
JAR_RN,APR_2025,Off-peak,-0.403651
MILTON_RN,APR_2025,Off-peak,-2.068694
CHE_PUN2,APR_2025,Off-peak,-0.840216
CHE_PUN1,APR_2025,Off-peak,-0.840216
THW_1_CCU,APR_2025,Off-peak,-0.794448
BAKE_RN_ALL,APR_2025,Off-peak,1.286341
JC_BAT_RN,APR_2025,Off-peak,-1.076549
HB_PAN,APR_2025,Off-peak,10.674192
SANDLAKE_RN,APR_2025,Off-peak,-29.923881
BOSQ_BSQS_34,APR_2025,Off-peak,0.871841
TNS_SLR_ALL,APR_2025,Off-peak,0.678121
GZ_RN,APR_2025,Off-peak,-0.802710
GBY_GT,APR_2025,Off-peak,-0.877520
FLCNS_UNIT3,APR_2025,Off-peak,-8.310145
FENCESLR_ALL,APR_2025,Off-peak,0.517153
FLCNS_UNIT2,APR_2025,Off-peak,-8.310145
FLCNS_UNIT1,APR_2025,Off-peak,-8.310145
TOPAZ_ALL,APR_2025,Off-peak,-0.889529
CORAZON_RN,APR_2025,Off-peak,9.161322
LGW_UNIT_ALL,APR_2025,Off-peak,3.963757
JAG_SLR_RN,APR_2025,Off-peak,1.060143
GWEC_G1,APR_2025,Off-peak,2.168121
PANDA_S_ST1,APR_2025,Off-peak,1.778376
WHCCS_CT1_ST,APR_2025,Off-peak,2.136900
BOCO_ESS_RN,APR_2025,Off-peak,4.670055
FRNYPP_1_CCU,APR_2025,Off-peak,1.050495
SL_PUN2,APR_2025,Off-peak,-0.920877
SL_PUN1,APR_2025,Off-peak,-0.920877
TGW_T1_T2,APR_2025,Off-peak,4.441301
CHIL_SLR,APR_2025,Off-peak,-0.444114
COYOTSPR_RN,APR_2025,Off-peak,-30.176496
SAMSON_ALL,APR_2025,Off-peak,1.206848
TTWEC_G1,APR_2025,Off-peak,4.783841
WIPOPA_3_4,APR_2025,Off-peak,-1.045633
JUNG_SLR_RN,APR_2025,Off-peak,-0.604653
WOODWRD1_RN,APR_2025,Off-peak,-24.267701
LAPETUS_U1,APR_2025,Off-peak,-24.523263
LV5_UNIT1,APR_2025,Off-peak,1.912046
FRNYPP_2_CCU,APR_2025,Off-peak,1.050495
FLOWERII_RN,APR_2025,Off-peak,-29.078516
PNPI_GT2_RN,APR_2025,Off-peak,-0.686852
LFSTH_RN,APR_2025,Off-peak,0.854749
CALAVER_JKS1,APR_2025,Off-peak,-2.160488
ASCK_SLR_RN,APR_2025,Off-peak,1.399264
ROW_ALL,APR_2025,Off-peak,-0.335991
CONIGLIO_RN,APR_2025,Off-peak,1.327984
MARBFA,APR_2025,Off-peak,-0.438659
HAYSEN1_2,APR_2025,Off-peak,-1.484453
HDNLAKES_RN,APR_2025,Off-peak,-0.891546
FLUVANNA_1_2,APR_2025,Off-peak,9.309487
CBY4_ALL,APR_2025,Off-peak,-0.770894
ROSELAND_ALL,APR_2025,Off-peak,0.668121
TC_PUN1,APR_2025,Off-peak,-0.537690
TC_PUN2,APR_2025,Off-peak,-0.537690
TURQ_BESS1,APR_2025,Off-peak,1.026346
LZ_CPS,APR_2025,Off-peak,-2.629081
PHOEBE_ALL,APR_2025,Off-peak,-28.212704
AMADEUS_ALL,APR_2025,Off-peak,6.683348
FERGCC_ST1_5,APR_2025,Off-peak,-0.328659
HHOLLW2_WND1,APR_2025,Off-peak,3.203767
HOL_ALL,APR_2025,Off-peak,-0.631213
FAL_FALCONG1,APR_2025,Off-peak,6.683284
FAL_FALCONG2,APR_2025,Off-peak,6.683284
EL_RAYO_ALL,APR_2025,Off-peak,5.142880
FAL_FALCONG3,APR_2025,Off-peak,6.683284
CNTRY_RN,APR_2025,Off-peak,1.732651
FRYE_SLR_ALL,APR_2025,Off-peak,11.080253
CPSES_UNIT2,APR_2025,Off-peak,2.369297
THW_THWGT5X,APR_2025,Off-peak,-0.742343
TAV_RN,APR_2025,Off-peak,-0.832019
CPSES_UNIT1,APR_2025,Off-peak,2.369297
MIL_MILG1_2,APR_2025,Off-peak,1.712370
SWOOSEII_RN,APR_2025,Off-peak,-33.720189
GRANDVW1_A_B,APR_2025,Off-peak,10.919637
HB_HOUSTON,APR_2025,Off-peak,-0.623888
ETCCS_CCU,APR_2025,Off-peak,0.917543
SCSES_UNIT2,APR_2025,Off-peak,0.877122
SPLAIN1_RN,APR_2025,Off-peak,11.153746
NBOHR_RN,APR_2025,Off-peak,-1.032316
WIPOPA_1_2,APR_2025,Off-peak,-1.045633
LON_RN1,APR_2025,Off-peak,-0.664969
WHMESA_U1,APR_2025,Off-peak,-7.409884
BOARDCRK_ALL,APR_2025,Off-peak,0.817153
JAY_RN_1,APR_2025,Off-peak,-0.532745
BYRDR_ES_ALL,APR_2025,Off-peak,-0.634860
SBE_RN_1,APR_2025,Off-peak,-0.905497
PHO_ALL,APR_2025,Off-peak,-0.500752
REDGATE_RN,APR_2025,Off-peak,2.799648
TV_RN,APR_2025,Off-peak,-0.814556
CFLATS_UNIT,APR_2025,Off-peak,-3.636824
AMO_AMOCO_G1,APR_2025,Off-peak,-0.874992
AMO_AMOCO_G2,APR_2025,Off-peak,-0.874992
MERCURY_ALL,APR_2025,Off-peak,1.399264
JCKCNTY2_ST2,APR_2025,Off-peak,3.551413
AMO_AMOCO_G3,APR_2025,Off-peak,-0.874992
FORMOSA_PUN2,APR_2025,Off-peak,-1.289308
FORMOSA_PUN1,APR_2025,Off-peak,-1.289308
DOWGEN_PUN2,APR_2025,Off-peak,-0.360183
CBECII_89,APR_2025,Off-peak,-0.499695
S_HILLS_RN,APR_2025,Off-peak,5.095726
DOWGEN_PUN3,APR_2025,Off-peak,-0.360183
L_FRE_ESR_RN,APR_2025,Off-peak,6.165631
DOWGEN_PUN1,APR_2025,Off-peak,-0.360183
SIL_SILAS_9,APR_2025,Off-peak,5.697004
MGSES_CT123,APR_2025,Off-peak,-1.833262
ANSON1_ALL,APR_2025,Off-peak,4.665534
SGM_SIGNALMT,APR_2025,Off-peak,-18.508086
CANYONWD_ALL,APR_2025,Off-peak,3.486416
SIL_SILAS_6,APR_2025,Off-peak,5.697004
PRSPERO2_ALL,APR_2025,Off-peak,-24.340147
BRP_SWNY_RN,APR_2025,Off-peak,-0.634860
FAULKNER_RN,APR_2025,Off-peak,-30.176496
BRTSW_BCW1,APR_2025,Off-peak,3.811722
BCK_RN,APR_2025,Off-peak,-0.389026
WEBBER_WS_T1,APR_2025,Off-peak,-1.006721
TRINITY_ALL,APR_2025,Off-peak,5.850791
HEARN_RD_RN,APR_2025,Off-peak,-0.559366
SANTACRU_ALL,APR_2025,Off-peak,2.167312
DDPEC_GT6,APR_2025,Off-peak,-0.378195
PAVLOV_BT_RN,APR_2025,Off-peak,-1.885730
EBELLS_UNIT1,APR_2025,Off-peak,-0.163119
DDPEC_GT1,APR_2025,Off-peak,-0.378195
DDPEC_GT4,APR_2025,Off-peak,-0.378195
DDPEC_GT2,APR_2025,Off-peak,-0.378195
DDPEC_GT3,APR_2025,Off-peak,-0.378195
PCT_RN,APR_2025,Off-peak,-0.079524
FOXTROT_ALL,APR_2025,Off-peak,0.256868
PSA_PUN4,APR_2025,Off-peak,-0.839815
PSA_PUN5,APR_2025,Off-peak,-0.851995
ELMCRK_RN,APR_2025,Off-peak,0.539056
PSA_PUN2,APR_2025,Off-peak,-0.851995
PSA_PUN3,APR_2025,Off-peak,-0.820831
JUNO_ALL,APR_2025,Off-peak,4.690055
PSA_PUN1,APR_2025,Off-peak,-0.851995
RUSSEKST_RN,APR_2025,Off-peak,-49.058467
RIGGIN_UNIT1,APR_2025,Off-peak,-25.961631
BASTEN_CCU,APR_2025,Off-peak,-1.095810
WCPP_CT2,APR_2025,Off-peak,3.485359
WCPP_CT1,APR_2025,Off-peak,3.485359
KEO_KEO_SM1,APR_2025,Off-peak,-24.184131
NWF_NWF1,APR_2025,Off-peak,-26.234940
HRBESS_BESS,APR_2025,Off-peak,-27.131995
KEECHI_U1,APR_2025,Off-peak,2.987226
FREC_1_CCU,APR_2025,Off-peak,0.997028
RIONOG_CT2,APR_2025,Off-peak,-1.530683
RIONOG_CT3,APR_2025,Off-peak,-1.530683
BTE_PUN2,APR_2025,Off-peak,-0.780894
WLTC_ESR_RN,APR_2025,Off-peak,0.673317
BTE_PUN1,APR_2025,Off-peak,-0.780894
GARC_BESS_RN,APR_2025,Off-peak,1.408917
GUADG_CCU1,APR_2025,Off-peak,-1.629897
LGDRAW_S_ALL,APR_2025,Off-peak,4.690055
WND_WHITNEY,APR_2025,Off-peak,0.941841
PSG_PSG_GT3,APR_2025,Off-peak,-0.784851
GUADG_CCU2,APR_2025,Off-peak,-1.629897
MDANP_CT1_2,APR_2025,Off-peak,1.308955
RAB_G1-8,APR_2025,Off-peak,-0.263553
RRANCHES_ALL,APR_2025,Off-peak,-31.676796
TEN_CT1_STG,APR_2025,Off-peak,1.216379
BRP_RN_UNIT1,APR_2025,Off-peak,-2.671651
PSG_PSG_GT2,APR_2025,Off-peak,-0.784851
TRENT_TRENT,APR_2025,Off-peak,-0.173156
TC_GTG2_RN,APR_2025,Off-peak,-0.537690
KELAMSL_U1,APR_2025,Off-peak,0.717153
RIONOG_CT1,APR_2025,Off-peak,-1.530683
PAP1_PAP1,APR_2025,Off-peak,0.682890
ATK_ATKINSG7,APR_2025,Off-peak,-0.465729
PROSPERO_ALL,APR_2025,Off-peak,-24.340147
NF_BRP_RN,APR_2025,Off-peak,-2.899182
SENATEWD_1,APR_2025,Off-peak,4.989738
PENA_ALL,APR_2025,Off-peak,4.441301
FLTBES1,APR_2025,Off-peak,-29.078516
BRP_LOOP_RN,APR_2025,Off-peak,-1.058398
BRP_LOP1_RN,APR_2025,Off-peak,6.006747
CACH_ESS_RN,APR_2025,Off-peak,-1.639705
BRA_AVR_CST1,APR_2025,Off-peak,-2.298994
DIB_PUN2,APR_2025,Off-peak,-0.866172
DIB_PUN1,APR_2025,Off-peak,-0.866172
GRIM_SLR_RN,APR_2025,Off-peak,-0.510747
TKWSW_ROSCOE,APR_2025,Off-peak,2.981311
LHM_CVC_G4,APR_2025,Off-peak,-0.827041
CCEC_PUN2,APR_2025,Off-peak,0.685443
LZ_WEST,APR_2025,Off-peak,-17.093976
CCEC_PUN1,APR_2025,Off-peak,0.685443
OLNEYTN_AGR1,APR_2025,Off-peak,4.206805
DIB_DIB_G3,APR_2025,Off-peak,-0.866172
DIB_DIB_G4,APR_2025,Off-peak,-0.866172
FREC_2_CCU,APR_2025,Off-peak,0.999113
THW_THWGT_1,APR_2025,Off-peak,-0.824361
TORT_ESS_RN,APR_2025,Off-peak,-0.710639
BAFFIN_ALL,APR_2025,Off-peak,4.441301
ANDMDSLR_ALL,APR_2025,Off-peak,7.127807
LZ_LCRA,APR_2025,Off-peak,-1.664062
CLO_RN,APR_2025,Off-peak,-0.871074
DIB_DIB_G1,APR_2025,Off-peak,-0.866172
DIB_DIB_G2,APR_2025,Off-peak,-0.866172
PANDA_T1_ST1,APR_2025,Off-peak,-0.444655
INDNNWP_RN,APR_2025,Off-peak,-27.198488
MNWL_BESS_RN,APR_2025,Off-peak,2.069353
RN_TOSBATT,APR_2025,Off-peak,-3.108064
MIDWY_RN,APR_2025,Off-peak,-27.401249
LAUR_BESS_RN,APR_2025,Off-peak,6.482834
TAYGETE_ALL,APR_2025,Off-peak,-28.473512
MCDLD_FCSBW1,APR_2025,Off-peak,-10.184022
LHORN_N_U1_2,APR_2025,Off-peak,10.946930
MOZART_WIND1,APR_2025,Off-peak,1.772157
FRMRSVLW_RN,APR_2025,Off-peak,1.180385
ANG_ALL,APR_2025,Off-peak,1.874090
JADE_SLR_ALL,APR_2025,Off-peak,7.831275
CCEC_ST1,APR_2025,Off-peak,0.685443
RAMBLER_UNIT,APR_2025,Off-peak,1.874090
CALHOUN_ALL,APR_2025,Off-peak,-1.219308
INDNENR_1_RN,APR_2025,Off-peak,-28.442321
NOBLESLR_ALL,APR_2025,Off-peak,3.088597
STWF_T1,APR_2025,Off-peak,-0.173156
LEG_LEG_G2,APR_2025,Off-peak,0.515972
LEG_LEG_G1,APR_2025,Off-peak,0.515972
WHTTAIL_WR1,APR_2025,Off-peak,8.755162
TRSES_UNIT6,APR_2025,Off-peak,0.784335
SCLP_SCLPC_2,APR_2025,Off-peak,-0.639891
SCLP_SCLPC_1,APR_2025,Off-peak,-0.639891
SCLP_SCLPC_4,APR_2025,Off-peak,-0.639891
SWEETWND_1,APR_2025,Off-peak,2.613083
W_PECO_UNIT1,APR_2025,Off-peak,-30.553175
AJAXWIND_RN,APR_2025,Off-peak,6.352229
ALP_BESS_RN,APR_2025,Off-peak,-29.617960
BIGSTAR_ALL,APR_2025,Off-peak,-1.205759
RN_DEC_AGR_A,APR_2025,Off-peak,4.873048
RN_DEC_AGR_B,APR_2025,Off-peak,4.873048
MROW_SLR_RN,APR_2025,Off-peak,-10.147064
ARAGORN_RN,APR_2025,Off-peak,-30.324560
PHOENIX_RN,APR_2025,Off-peak,1.378268
MIAM1_G1_G2,APR_2025,Off-peak,10.746268
WFCOGEN_13,APR_2025,Off-peak,6.125726
HWF_HWFG1,APR_2025,Off-peak,3.673009
CHE_LYD,APR_2025,Off-peak,-0.840216
HB_WEST,APR_2025,Off-peak,-2.184022
RN_DEC_AGR_C,APR_2025,Off-peak,4.873048
RN_DEC_AGR_D,APR_2025,Off-peak,4.873048
STAM_SLR_ALL,APR_2025,Off-peak,1.205362
PRID_RN,APR_2025,Off-peak,4.086878
JACKCNTY_CT1,APR_2025,Off-peak,2.987226
T_CK_GT2_RN,APR_2025,Off-peak,-1.222295
JACKCNTY_CT2,APR_2025,Off-peak,2.987226
SWEC_G1,APR_2025,Off-peak,-20.179119
BYU_BYU_1,APR_2025,Off-peak,-0.861503
VICTPORT_RN,APR_2025,Off-peak,-1.089041
WFCOGEN_24,APR_2025,Off-peak,6.125726
RAYB_G78910,APR_2025,Off-peak,-1.198398
BYU_G4_RN,APR_2025,Off-peak,-0.861503
SJS_SJS_G2,APR_2025,Off-peak,-0.863426
SJS_SJS_G1,APR_2025,Off-peak,-0.863426
DAN_ALL,APR_2025,Off-peak,-0.775039
EIFSLR_UNIT1,APR_2025,Off-peak,1.276397
SPARTA_ALL,APR_2025,Off-peak,0.256868
BRAZ_WND_ALL,APR_2025,Off-peak,2.181442
AMO_AMOCO_S1,APR_2025,Off-peak,-0.874992
BLSMT1_5_A_6,APR_2025,Off-peak,6.934822
SSPURT_WIND1,APR_2025,Off-peak,11.098467
AMO_AMOCO_S2,APR_2025,Off-peak,-0.874992
ECLIPSE_UN1,APR_2025,Off-peak,-16.565818
LV4_UNIT_1,APR_2025,Off-peak,6.074649
EUNICE_ALL,APR_2025,Off-peak,-23.893512
STELLA_RN,APR_2025,Off-peak,4.441301
CATARINA_B1,APR_2025,Off-peak,-19.887093
DKNS_ESS_RN,APR_2025,Off-peak,8.021519
LV1A_LV1B,APR_2025,Off-peak,5.111812
AGUAYO_UNIT1,APR_2025,Off-peak,4.179877
LGD_LANGFORD,APR_2025,Off-peak,-6.964355
ADL_RN,APR_2025,Off-peak,-0.848911
DRYFRIO_RN,APR_2025,Off-peak,-9.884790
MV_VALV4_RN,APR_2025,Off-peak,2.024195
WL_RANCH_RN,APR_2025,Off-peak,-2.775195
YNG_WND_ALL,APR_2025,Off-peak,4.870764
INGLCO_PUN1,APR_2025,Off-peak,-0.211930
INGLCO_PUN2,APR_2025,Off-peak,-0.184127
INGLCO_PUN3,APR_2025,Off-peak,-0.174127
SADLBACK_RN,APR_2025,Off-peak,-29.924560
X443ESRN,APR_2025,Off-peak,-2.767132
PC_SOUTH_ALL,APR_2025,Off-peak,-1.564022
MCSES_UNIT8,APR_2025,Off-peak,0.876093
BRP_DIKN_RN,APR_2025,Off-peak,-0.849091
BVE_UNIT1,APR_2025,Off-peak,-0.263553
SALVTION_GEN,APR_2025,Off-peak,7.090667
ALVIN_RN,APR_2025,Off-peak,-0.710639
UCC_COG_PUN2,APR_2025,Off-peak,-0.875125
BVE_UNIT2,APR_2025,Off-peak,-0.263553
BVE_UNIT3,APR_2025,Off-peak,-0.263553
MCSES_UNIT7,APR_2025,Off-peak,0.876093
MCSES_UNIT6,APR_2025,Off-peak,0.876093
SIL_SILAS_10,APR_2025,Off-peak,5.707004
HMNG_ESS_RN,APR_2025,Off-peak,3.088597
JKLP_SLR_RN,APR_2025,Off-peak,0.748222
HB_SOUTH,APR_2025,Off-peak,-0.654062
LAMESASLR_G,APR_2025,Off-peak,-29.617960
HV_BESS1_RN,APR_2025,Off-peak,-0.794689
KARAKAW1_1,APR_2025,Off-peak,0.785934
TKWSW_CHAMP,APR_2025,Off-peak,2.981311
CS_RN,APR_2025,Off-peak,-0.853378
ANTL_ESS_ES1,APR_2025,Off-peak,-21.130610
CHAMON_UN2,APR_2025,Off-peak,-0.849357
CHAMON_UN1,APR_2025,Off-peak,-0.849357
AQUI_ALL,APR_2025,Off-peak,1.399264
LHM_PUN2,APR_2025,Off-peak,-0.827041
LHM_PUN1,APR_2025,Off-peak,-0.827041
SANDHSYD_5AC,APR_2025,Off-peak,-1.112428
PB2SES_CT3,APR_2025,Off-peak,-34.764636
PB2SES_CT4,APR_2025,Off-peak,-34.764636
RELOJ_ALL,APR_2025,Off-peak,7.879713
PB2SES_CT5,APR_2025,Off-peak,-34.764636
MIL_MILG345,APR_2025,Off-peak,1.712370
RVRVLYS_ALL,APR_2025,Off-peak,-0.747176
RN_OCI_ALAMO,APR_2025,Off-peak,-2.879081
PB2SES_CT1,APR_2025,Off-peak,-34.764636
PB2SES_CT2,APR_2025,Off-peak,-34.764636
TAHOKA_ALL,APR_2025,Off-peak,3.191724
GPASTURE_ALL,APR_2025,Off-peak,9.364021
PIRATE_RN,APR_2025,Off-peak,-0.574830
ASTRA_RN,APR_2025,Off-peak,11.278892
TNP_TNP_O_2,APR_2025,Off-peak,-0.038222
NOVA1SLR_ALL,APR_2025,Off-peak,7.916865
MOORE_FL_RN,APR_2025,Off-peak,2.620004
HOVEY_GEN,APR_2025,Off-peak,-26.733512
CHISMGRD_RN,APR_2025,Off-peak,2.728650
AURO_SLR_RN,APR_2025,Off-peak,-0.262446
MUENSTER_RN,APR_2025,Off-peak,8.755162
STRATEGC_RN,APR_2025,Off-peak,0.952204
TNP_TNP_O_1,APR_2025,Off-peak,-0.038222
TI_SOLAR_ALL,APR_2025,Off-peak,-30.324560
SHANNONW_RN,APR_2025,Off-peak,5.226135
HHOLLW3_WND1,APR_2025,Off-peak,3.203767
PRO_RN,APR_2025,Off-peak,-0.655162
GREGORY_RN,APR_2025,Off-peak,-0.255867
TYNAN_RN,APR_2025,Off-peak,-1.533796
PALACIOS_RN,APR_2025,Off-peak,-1.964457
CTW_RN,APR_2025,Off-peak,-0.678684
MAINLAND_RN,APR_2025,Off-peak,-0.829091
SRWE1_UNIT1,APR_2025,Off-peak,4.690055
PORTSL_UNIT1,APR_2025,Off-peak,5.219046
CAPRIDG4_CR4,APR_2025,Off-peak,1.635978
RN_RTS1,APR_2025,Off-peak,3.479034
LOS_LOSTPST1,APR_2025,Off-peak,-1.025633
BRP_PBL1_RN,APR_2025,Off-peak,-18.828435
MONT_WND_RN,APR_2025,Off-peak,7.230667
STEA_STEAM_2,APR_2025,Off-peak,0.954728
STEA_STEAM_1,APR_2025,Off-peak,0.934728
RHESS2_ESS1,APR_2025,Off-peak,-4.757896
STEA_STEAM_3,APR_2025,Off-peak,0.954728
OUTP_SLR_RN,APR_2025,Off-peak,5.999713
GOLINDA_UN1,APR_2025,Off-peak,0.248121
JAD_RN,APR_2025,Off-peak,-0.858205
BYU_BYU_12,APR_2025,Off-peak,-0.861503
HYDR_ESS_RN,APR_2025,Off-peak,-21.037110
OGSES_2,APR_2025,Off-peak,0.327096
DGFS_ESR_RN,APR_2025,Off-peak,-25.448709
OGSES_1,APR_2025,Off-peak,0.327096
MESQCRK_ALL,APR_2025,Off-peak,4.690055
DA_BESS2,APR_2025,Off-peak,-0.676241
GKS_BESS_RN,APR_2025,Off-peak,4.302729
RIOG_ESR_RN,APR_2025,Off-peak,1.609948
SCES_UNIT1,APR_2025,Off-peak,0.588121
SPLAIN2_RN,APR_2025,Off-peak,11.153746
WFTANK_ESS1,APR_2025,Off-peak,9.237213
BBREEZE_1_2,APR_2025,Off-peak,6.231812
BRAUNIG_VHB3,APR_2025,Off-peak,-2.772953
HICK_G1_G2,APR_2025,Off-peak,-7.409884
PYR_PYRON1,APR_2025,Off-peak,2.981311
BRAUNIG_VHB1,APR_2025,Off-peak,-2.586222
BRAUNIG_VHB2,APR_2025,Off-peak,-2.586222
WIR_WIRTZ_G1,APR_2025,Off-peak,-0.758659
WIR_WIRTZ_G2,APR_2025,Off-peak,-0.758659
HRZN_SLR_UN1,APR_2025,Off-peak,-10.147064
JUNORTH_RN,APR_2025,Off-peak,-20.126385
EMPCT_RN,APR_2025,Off-peak,0.912667
AZ_ALL,APR_2025,Off-peak,-0.954813
LACASAWD_RN,APR_2025,Off-peak,4.219219
BYU_BYU_34,APR_2025,Off-peak,-0.861503
OXY_OXY_CCG1,APR_2025,Off-peak,0.616821
COYOTSPR_AGR,APR_2025,Off-peak,-30.176496
STAR_SLR_RN,APR_2025,Off-peak,1.004341
SWTWN4_WND45,APR_2025,Off-peak,2.613083
CITYVICT_ALL,APR_2025,Off-peak,-0.962247
CARBN_BSP_1,APR_2025,Off-peak,-16.828086
TRUSGILL_RN,APR_2025,Off-peak,7.158364
DENISON_G1_2,APR_2025,Off-peak,1.661017
LZ_NORTH,APR_2025,Off-peak,1.384192
BATCAVE_RN,APR_2025,Off-peak,0.823347
FWLR_SLR_1,APR_2025,Off-peak,-22.703702
FIVEWSLR_ALL,APR_2025,Off-peak,-0.444114
PANDA_T2_CT2,APR_2025,Off-peak,-0.444655
PANDA_T2_CT1,APR_2025,Off-peak,-0.444655
MAR_MARSFOG3,APR_2025,Off-peak,-1.014919
MAR_MARSFOG2,APR_2025,Off-peak,-1.024655
MAR_MARSFOG1,APR_2025,Off-peak,-1.024919
EXGNSND_RN,APR_2025,Off-peak,5.416228
TBWF_ES_BES1,APR_2025,Off-peak,-22.532854
HLSES_UNIT3,APR_2025,Off-peak,1.990092
HLSES_UNIT4,APR_2025,Off-peak,1.990073
HLSES_UNIT5,APR_2025,Off-peak,1.990092
BAIRDWND_ALL,APR_2025,Off-peak,5.215726
SWOOSE1_U1,APR_2025,Off-peak,-33.720189
AZURE_RN,APR_2025,Off-peak,5.849451
HB_HUBAVG,APR_2025,Off-peak,-0.515159
DANSBY_ALL,APR_2025,Off-peak,-0.407732
BULLCRK_1_2,APR_2025,Off-peak,-2.191540
GIGA_ESS_RN,APR_2025,Off-peak,-1.016563
CHE_LYD2,APR_2025,Off-peak,-0.840216
LV3_RN,APR_2025,Off-peak,5.813326
RDCAN_RDCNY1,APR_2025,Off-peak,2.597360
BSS_U1,APR_2025,Off-peak,-0.666656
BRPANGLE_RN,APR_2025,Off-peak,-0.625666
GREASWOD_ALL,APR_2025,Off-peak,-21.112535
CVC_CVC_G2,APR_2025,Off-peak,-0.810830
CVC_CVC_G3,APR_2025,Off-peak,-0.810830
ENDPARK_ESS1,APR_2025,Off-peak,9.309487
FOARDCTY_ALL,APR_2025,Off-peak,7.410667
CVC_CVCG1_5,APR_2025,Off-peak,-0.810830
ELSA_ESR_RN,APR_2025,Off-peak,1.938088
RANCHERO_ALL,APR_2025,Off-peak,-8.817813
ODESW_RN,APR_2025,Off-peak,-18.881744
RADN_SLR_ALL,APR_2025,Off-peak,3.624417
WAKEWE_ALL,APR_2025,Off-peak,8.021519
POTSVIL_RN,APR_2025,Off-peak,-0.432115
MEDILA_RN,APR_2025,Off-peak,-6.902315
ANACACHO_ANA,APR_2025,Off-peak,-15.090108
HB_BUSAVG,APR_2025,Off-peak,0.202912
BRP_BRAZ_RN,APR_2025,Off-peak,-0.625746
CALAVER_OWS1,APR_2025,Off-peak,-2.607473
DA_BESS,APR_2025,Off-peak,-0.676241
FRONT_EC_RN3,APR_2025,Off-peak,2.621121
COL_COLETOG1,APR_2025,Off-peak,-0.483725
CALAVER_OWS2,APR_2025,Off-peak,-2.607473
HALO_RN1,APR_2025,Off-peak,-0.355244
FRONT_EC_RN2,APR_2025,Off-peak,2.621121
FRONT_EC_RN1,APR_2025,Off-peak,2.621121
DDPEC_ST1,APR_2025,Off-peak,-0.378195
DC2SES_ALL,APR_2025,Off-peak,1.751807
SHAFFER_ALL,APR_2025,Off-peak,2.632386
HOUSEMTN_RN,APR_2025,Off-peak,-26.783512
REROCK_ALL,APR_2025,Off-peak,-26.731083
PEARSA_1_24,APR_2025,Off-peak,-10.147064
CRANELL_ALL,APR_2025,Off-peak,0.640781
LZ_SOUTH,APR_2025,Off-peak,-0.832107
PSA_PSA_G5,APR_2025,Off-peak,-0.851995
PSA_PSA_G6,APR_2025,Off-peak,-0.851995
BCH_RN,APR_2025,Off-peak,-0.617999
PANDA_S_CT2,APR_2025,Off-peak,1.778376
PSA_PSA_G7,APR_2025,Off-peak,-0.851995
SGSA_DGR,APR_2025,Off-peak,-26.743512
CAL_PUN1,APR_2025,Off-peak,-0.844813
CAL_PUN2,APR_2025,Off-peak,-0.844813
TIMPP_RN2,APR_2025,Off-peak,-1.307598
ABINDUST_RN,APR_2025,Off-peak,0.830192
TIMPP_RN1,APR_2025,Off-peak,-1.307598
PLATINUM_RN,APR_2025,Off-peak,1.307296
SWEETWN3_3,APR_2025,Off-peak,2.613083
MAND_SLR_RN,APR_2025,Off-peak,-0.211330
GOMZ_RN,APR_2025,Off-peak,-27.732890
WOODWRD2_RN,APR_2025,Off-peak,-24.267701
WNDTS2_UNIT1,APR_2025,Off-peak,7.065162
PSA_PSA_G1,APR_2025,Off-peak,-0.820905
PANDA_S_CT1,APR_2025,Off-peak,1.778376
PSA_PSA_G2,APR_2025,Off-peak,-0.820905
PSA_PSA_G3,APR_2025,Off-peak,-0.839837
PSA_PSA_G4,APR_2025,Off-peak,-0.820868
WES_ALL,APR_2025,Off-peak,-0.648399
BR_VHB6CT5_6,APR_2025,Off-peak,-2.586222
MDANP_CT5_6,APR_2025,Off-peak,1.308955
OLIN_OLING_4,APR_2025,Off-peak,1.046493
OR_BESS_RN,APR_2025,Off-peak,-0.842562
OLIN_OLING_3,APR_2025,Off-peak,1.046493
LEONLCPCT3_4,APR_2025,Off-peak,-3.085796
OLIN_OLING_2,APR_2025,Off-peak,1.046493
OLIN_OLING_1,APR_2025,Off-peak,0.654343
STP_STP_G2,APR_2025,Off-peak,0.000000
STP_STP_G1,APR_2025,Off-peak,0.000000
SANDHSYD1_2,APR_2025,Off-peak,-1.112428
ROUTE66_RN,APR_2025,Off-peak,10.919637
AUSTPL_ALL,APR_2025,Off-peak,-1.184819
SLCN_ESS_ALL,APR_2025,Off-peak,-0.906862
ELECTRAW_1_2,APR_2025,Off-peak,6.614021
ELZA_SLR_RN,APR_2025,Off-peak,1.072222
OGS_SLR_RN,APR_2025,Off-peak,-0.842008
SPTX12B_RN,APR_2025,Off-peak,-22.421535
LZ_RAYBN,APR_2025,Off-peak,1.140334
AMOCO_PUN1,APR_2025,Off-peak,-0.874992
AMOCO_PUN2,APR_2025,Off-peak,-0.874992
TTRSW_RN,APR_2025,Off-peak,1.206848
OWF_OWF,APR_2025,Off-peak,-8.746385
BOOTLEG_UN1,APR_2025,Off-peak,-21.037110
B_DAVIS_4,APR_2025,Off-peak,0.974382
B_DAVIS_3,APR_2025,Off-peak,0.974382
CNLY_ESS_RN,APR_2025,Off-peak,3.839166
WH_WIND_ALL,APR_2025,Off-peak,3.840055
BRP_ZPT2_RN,APR_2025,Off-peak,5.446228
LV3_UNIT1,APR_2025,Off-peak,6.074649
MIRAGE_G1,APR_2025,Off-peak,-0.861950
DUKE_GST1CCU,APR_2025,Off-peak,2.779648
JCKCNTY2_CT4,APR_2025,Off-peak,3.551413
JCKCNTY2_CT3,APR_2025,Off-peak,3.551413
BYU_PUN4,APR_2025,Off-peak,-0.861503
W_HRL_ESR_RN,APR_2025,Off-peak,1.148932
LZ_HOUSTON,APR_2025,Off-peak,-0.729161
VLSES_UNIT3,APR_2025,Off-peak,1.311221
HHOLLW4_WND1,APR_2025,Off-peak,3.203767
BYU_PUN1,APR_2025,Off-peak,-0.861503
AMISTAD_ALL,APR_2025,Off-peak,-21.074591
LMO_ESR_RN,APR_2025,Off-peak,-0.590392
BYU_PUN2,APR_2025,Off-peak,-0.861503
BYU_PUN3,APR_2025,Off-peak,-0.861503
LMAJADAS_ALL,APR_2025,Off-peak,5.691905
WGU_RN,APR_2025,Off-peak,-0.656772
CHALUP_ALL,APR_2025,Off-peak,6.020997
BR_VHB6CT7_8,APR_2025,Off-peak,-2.586222
GUNMTN_NODE,APR_2025,Off-peak,-35.020581
CAPRIDGE_ALL,APR_2025,Off-peak,1.635978
MARIAH_ALL,APR_2025,Off-peak,11.278892
HRFDWIND_ALL,APR_2025,Off-peak,11.278892
SLTFRK_UN1_2,APR_2025,Off-peak,10.746268
LEONLCPCT1_2,APR_2025,Off-peak,-3.085796
MDANP_CT3_4,APR_2025,Off-peak,1.512140
CAMWIND_RN,APR_2025,Off-peak,6.246905
ELS_RN_1,APR_2025,Off-peak,1.344044
SANDHSYD3_4,APR_2025,Off-peak,-1.112428
HLY_RN,APR_2025,Off-peak,-0.853378
EXGNWTL_1,APR_2025,Off-peak,8.897213
BARROW_ALL,APR_2025,Off-peak,-24.538259
BUCHAN_ALL,APR_2025,Off-peak,-0.671879
GOA_GOATWIND,APR_2025,Off-peak,1.651442
LGE_LGE_STG,APR_2025,Off-peak,-0.173518
RN_APOGEE,APR_2025,Off-peak,9.512822
PH1_UNIT1_2,APR_2025,Off-peak,10.831948
LIG_RN,APR_2025,Off-peak,-0.849489
PHILLWND_ALL,APR_2025,Off-peak,0.863857
GOODNIT1_ALL,APR_2025,Off-peak,10.927365
FLVABES1_ESR,APR_2025,Off-peak,-29.078516
LBRA_BES1,APR_2025,Off-peak,-1.655489
PC_NORTH_1,APR_2025,Off-peak,-1.564022
PITSDD_UNIT1,APR_2025,Off-peak,1.081841
GALO_RN1,APR_2025,Off-peak,3.343879
BRIGHTSD_RN,APR_2025,Off-peak,-0.431148
PIONR_DJ_RN,APR_2025,Off-peak,-12.727230
HI_LONE_ALL,APR_2025,Off-peak,-13.817110
IND_INADALE1,APR_2025,Off-peak,2.981311
BRANDON_RN,APR_2025,Off-peak,4.417807
QUEEN_BA_RN,APR_2025,Off-peak,-20.520963
WCPP_ST1,APR_2025,Off-peak,3.485359
SWEETWN2_2_4,APR_2025,Off-peak,2.613083
PAULN_RN,APR_2025,Off-peak,0.717153
WAP_WAP_G4,APR_2025,Off-peak,-0.750000
NACPW_UNIT1,APR_2025,Off-peak,0.880049
WAP_WAP_G3,APR_2025,Off-peak,-0.750000
FERMI_ALL,APR_2025,Off-peak,-21.130610
WHCCS2_5_6,APR_2025,Off-peak,2.134812
WAP_WAP_G2,APR_2025,Off-peak,-0.686852
WAP_WAP_G1,APR_2025,Off-peak,-0.686852
DERMOTT_ALL,APR_2025,Off-peak,7.822641
LACY_CRK_ALL,APR_2025,Off-peak,-0.648796
NUE_NUECESG7,APR_2025,Off-peak,0.785904
NUE_NUECESG8,APR_2025,Off-peak,0.658654
NUE_NUECESG9,APR_2025,Off-peak,0.626326
ANOL_ESS_RN,APR_2025,Off-peak,1.019577
RN_SR_WIND1,APR_2025,Off-peak,6.297004
RPUBRDS_RN,APR_2025,Off-peak,-0.350711
FTR_FTR_G1_4,APR_2025,Off-peak,-0.600831
INDNENR_2_RN,APR_2025,Off-peak,-25.784123
OECCS_2,APR_2025,Off-peak,-17.012999
MGSES_CT456,APR_2025,Off-peak,-1.833262
BRIGHTSD_U1,APR_2025,Off-peak,-0.675174
WHCCS_CT2,APR_2025,Off-peak,2.136900
RIONOG_ST1,APR_2025,Off-peak,-1.530683
TOYAH_RN,APR_2025,Off-peak,-27.021083
VENADO_ALL,APR_2025,Off-peak,6.068280
TUL_SLR_ALL,APR_2025,Off-peak,-1.365043
OECCS_1,APR_2025,Off-peak,-17.012999
BRHEIGHT_RN,APR_2025,Off-peak,-0.875102
PTLBES_BESS1,APR_2025,Off-peak,-1.389939
TRUENO_ALL,APR_2025,Off-peak,5.142880
BTM_ALL,APR_2025,Off-peak,-0.636993
HOLSTEIN_ALL,APR_2025,Off-peak,3.113975
SIRIUS_UNIT1,APR_2025,Off-peak,-26.022349
LARDVFTN_G5,APR_2025,Off-peak,13.043615
CROSSETT_ALL,APR_2025,Off-peak,-23.179089
LARDVFTN_G4,APR_2025,Off-peak,13.043615
HORSECRK_RN,APR_2025,Off-peak,7.090667
GAMBIT_RN,APR_2025,Off-peak,-0.625666
NEBULA_RN,APR_2025,Off-peak,2.621038
PALE_ESS_EN,APR_2025,Off-peak,10.190389
CRAWFISH_RN,APR_2025,Off-peak,-1.206539
BLACKJAK_RN,APR_2025,Off-peak,0.640781
SNY_BESS_RN,APR_2025,Off-peak,-3.034219
CSC_CSECG1_2,APR_2025,Off-peak,3.308548
WOV_BESS_RN,APR_2025,Off-peak,-22.666205
MUSTNGCK_ALL,APR_2025,Off-peak,-1.563188
TYLRWIND_RN,APR_2025,Off-peak,8.755162
FPPYD_FPP_G1,APR_2025,Off-peak,-0.882174
BORDAS_345,APR_2025,Off-peak,8.169713
FPPYD_FPP_G3,APR_2025,Off-peak,-0.882105
FPPYD_FPP_G2,APR_2025,Off-peak,-0.882174
THW_2_CCU,APR_2025,Off-peak,-0.794448
LPCCS_CT22,APR_2025,Off-peak,1.281737
APPALOSA_ALL,APR_2025,Off-peak,-36.800827
LPCCS_CT21,APR_2025,Off-peak,1.281737
GRDNE_ESR_RN,APR_2025,Off-peak,-11.203971
PALMWI_UNIT1,APR_2025,Off-peak,6.140387
INKS_INKS_G1,APR_2025,Off-peak,-0.807978
MYRY_ESR_RN,APR_2025,Off-peak,2.764892
RBN_BESS1,APR_2025,Off-peak,-0.746677
SUNVASLR_ALL,APR_2025,Off-peak,1.360715
TRIPBUT1_RN,APR_2025,Off-peak,-26.442426
DUKE_GT2_CCU,APR_2025,Off-peak,2.779648
WAP_WAP_G8,APR_2025,Off-peak,-0.265560
PANDA_T1_CT2,APR_2025,Off-peak,-0.444655
WAP_WAP_G7,APR_2025,Off-peak,-0.452284
EBNY_ESS_RN,APR_2025,Off-peak,-2.223791
WAP_WAP_G6,APR_2025,Off-peak,-0.452284
SWFT_SLR_RN,APR_2025,Off-peak,-27.031721
WAP_WAP_G5,APR_2025,Off-peak,-0.686852
CHAL_SLR_RN,APR_2025,Off-peak,-30.485085
SG_BES_BESS1,APR_2025,Off-peak,-25.965871
PANDA_T1_CT1,APR_2025,Off-peak,-0.444655
NCARBIDE_1_7,APR_2025,Off-peak,-1.203725
PAD1_ESS_RN,APR_2025,Off-peak,-2.607473
CBY_CBY_G1,APR_2025,Off-peak,-0.890894
CBY_CBY_G2,APR_2025,Off-peak,-0.860495
BUFF_GAP_ALL,APR_2025,Off-peak,3.203767
MRKM_SLR_RN,APR_2025,Off-peak,0.074810
HAYSEN3_4,APR_2025,Off-peak,-1.484453
DUP_PUN2,APR_2025,Off-peak,-1.089041
DUP_PUN1,APR_2025,Off-peak,-1.089041
DUP_PUN4,APR_2025,Off-peak,-1.089041
CALLAHA_WND1,APR_2025,Off-peak,5.609027
DUP_PUN3,APR_2025,Off-peak,-1.089041
OLNEYTN_RN,APR_2025,Off-peak,4.206805
BLVN_RN,APR_2025,Off-peak,0.389597
CORALSLR_ALL,APR_2025,Off-peak,0.335347
LPCCS_CT11,APR_2025,Off-peak,1.281737
SROSA_ESR_RN,APR_2025,Off-peak,4.292880
LPCCS_CT12,APR_2025,Off-peak,1.281737
INRT_W_ALL,APR_2025,Off-peak,5.849451
DAG_ALL,APR_2025,Off-peak,-0.695460
7RNCHSLR_ALL,APR_2025,Off-peak,-1.381899
WEC_WECG1,APR_2025,Off-peak,2.852971
ELB_ELBCREEK,APR_2025,Off-peak,-1.564022
MYRY_BES2_RN,APR_2025,Off-peak,2.764892
HELIOS_RN,APR_2025,Off-peak,-11.197064
HOLCOMB_RN1,APR_2025,Off-peak,-3.247139
PEY_RN,APR_2025,Off-peak,-0.079524
SADLBCK_AGR1,APR_2025,Off-peak,-29.924560
GID_GIDEONG1,APR_2025,Off-peak,-1.045910
DIBOL_RN,APR_2025,Off-peak,0.854749
GID_GIDEONG2,APR_2025,Off-peak,-1.045910
SOLARA_UNIT1,APR_2025,Off-peak,2.936665
GID_GIDEONG3,APR_2025,Off-peak,-1.045910
BKSL_RN,APR_2025,Off-peak,8.021519
LOS_LOSTPGT1,APR_2025,Off-peak,-1.025633
MASSENGL_G7,APR_2025,Off-peak,6.838892
FRMR_BS2_RN1,APR_2025,Off-peak,1.180385
MASSENGL_G6,APR_2025,Off-peak,6.838892
PRCRK_RN,APR_2025,Off-peak,1.015181
LOS_LOSTPGT2,APR_2025,Off-peak,-1.025633
MASSENGL_G8,APR_2025,Off-peak,16.542614
SHEEPCRK_1,APR_2025,Off-peak,5.185726
CASL_GAP_UN1,APR_2025,Off-peak,-22.430647
FERGCC_GT1_1,APR_2025,Off-peak,-0.328659
PSG_PSG_ST1,APR_2025,Off-peak,-0.784851
AVIAT_ALL,APR_2025,Off-peak,1.635978
PH2_U1_U2,APR_2025,Off-peak,10.831948
TREB_SOLAR1,APR_2025,Off-peak,-1.219308
GRSES_UNIT1,APR_2025,Off-peak,4.474878
FTWIND_UNIT1,APR_2025,Off-peak,3.771986
GRSES_UNIT2,APR_2025,Off-peak,4.372764
FALFUR_RN,APR_2025,Off-peak,3.250735
WAYMARK_RN,APR_2025,Off-peak,-21.027110
H_HOLLO_WND1,APR_2025,Off-peak,3.203767
OXY_PUN1,APR_2025,Off-peak,0.616821
OXY_PUN2,APR_2025,Off-peak,0.616821
TXCTY_ST,APR_2025,Off-peak,-0.874992
ANCHOR_ALL,APR_2025,Off-peak,5.239740
LONESTAR_RN,APR_2025,Off-peak,-29.695006
EXN_PUN3,APR_2025,Off-peak,-0.881589
EXN_PUN2,APR_2025,Off-peak,-0.881589
EXN_PUN1,APR_2025,Off-peak,-0.881589
BLUEJAY_RN,APR_2025,Off-peak,-0.461113
DMA_RN,APR_2025,Off-peak,-0.684969
DILEOS_UNIT1,APR_2025,Off-peak,0.715392
ESTONIAN_ALL,APR_2025,Off-peak,1.261949
HORSCR_RN,APR_2025,Off-peak,-24.165188
TRBT_SLR_RN,APR_2025,Off-peak,-21.112535
RRC_WIND_ALL,APR_2025,Off-peak,5.209740
SKY1,APR_2025,Off-peak,-1.500410
JACKCNTY_STG,APR_2025,Off-peak,2.987226
KARAKAW2_1,APR_2025,Off-peak,0.785934
WHITE_PT_UN1,APR_2025,Off-peak,0.689259
STEAM_ENG123,APR_2025,Off-peak,0.954728
VERAWIND_ALL,APR_2025,Off-peak,7.110667
AE_RN,APR_2025,Off-peak,-0.617956
WIG_BESS_RN,APR_2025,Off-peak,1.076493
BELM_SLR_RN,APR_2025,Off-peak,0.343857
NCO_RN,APR_2025,Off-peak,-0.645284
PLN_ALL,APR_2025,Off-peak,-0.775039
LILY_RN,APR_2025,Off-peak,0.744192
BUCKTHRN_RN,APR_2025,Off-peak,1.066379
FEGC_RN,APR_2025,Off-peak,-0.655162
CBEC_ALL,APR_2025,Off-peak,-0.898535
FILESSLR_PV1,APR_2025,Off-peak,1.696168
BCATWD_WD_1,APR_2025,Off-peak,7.865726
HOPKNSLR_ALL,APR_2025,Off-peak,1.201543
RAT_RN_1,APR_2025,Off-peak,-0.850966
SCLP_PUN2,APR_2025,Off-peak,-0.639891
SCLP_PUN3,APR_2025,Off-peak,-0.639891
SCLP_PUN4,APR_2025,Off-peak,-0.639747
BAC_RN_ALL,APR_2025,Off-peak,-0.873401
BRA_AVR1_CT2,APR_2025,Off-peak,-2.298994
CITRUSCY_RN,APR_2025,Off-peak,2.620004
BR_ARROW_ALL,APR_2025,Off-peak,1.195023
LIGSW_RN,APR_2025,Off-peak,1.438890
SCLP_PUN1,APR_2025,Off-peak,-0.639740
LHSES_UNIT1,APR_2025,Off-peak,1.016433
LHSES_UNIT2,APR_2025,Off-peak,1.016433
NOVA2S_UNIT1,APR_2025,Off-peak,7.916865
QUEEN_SL_RN,APR_2025,Off-peak,-20.520963
CABEZON_ALL,APR_2025,Off-peak,6.632767
CHEDPW_GT2,APR_2025,Off-peak,-0.814087
T_CK_GT3_RN,APR_2025,Off-peak,-1.222295
SHAMROCK_RN,APR_2025,Off-peak,-7.994022
TAYGETE2_ALL,APR_2025,Off-peak,-28.473512
B_D_B_DAVIG2,APR_2025,Off-peak,0.974382
MESTENO_RN,APR_2025,Off-peak,6.074649
MIRASOLE_GEN,APR_2025,Off-peak,5.436228
LNCRK_ALL,APR_2025,Off-peak,3.468043
KINGE_ALL,APR_2025,Off-peak,-23.319877
MADERO_RN,APR_2025,Off-peak,2.749687
CR_RN,APR_2025,Off-peak,-0.997520
B_D_B_DAVIG1,APR_2025,Off-peak,0.974382
VERTIGO_UN1,APR_2025,Off-peak,9.364021
AEEC,APR_2025,Off-peak,10.200389
KINGW_ALL,APR_2025,Off-peak,-22.532854
ERSL_RN,APR_2025,Off-peak,-13.268434
CCEC_GT1,APR_2025,Off-peak,0.685443
CONTINEN_RN,APR_2025,Off-peak,1.490383
JDKNS_RN,APR_2025,Off-peak,-183.864422
SP_RN,APR_2025,Off-peak,-0.806730
CCEC_GT2,APR_2025,Off-peak,0.685443
MAVCRK_W_ALL,APR_2025,Off-peak,3.343879
IMP_RN1,APR_2025,Off-peak,1.260128
CEDRVALE_RN,APR_2025,PeakWE,-11.034257
DSWL_BES1,APR_2025,PeakWE,0.582623
HRNT_SLR_RN,APR_2025,PeakWE,8.281241
WRSBES_BESS1,APR_2025,PeakWE,-11.579513
REDBARN_RN,APR_2025,PeakWE,-7.807718
VISION_RN,APR_2025,PeakWE,0.412009
GRIF_TRL_RN,APR_2025,PeakWE,5.147224
PERE_SLR_RN,APR_2025,PeakWE,1.963848
VIC_VICTORG6,APR_2025,PeakWE,-0.048053
VIC_VICTORG5,APR_2025,PeakWE,-0.048053
MYR_ALL,APR_2025,PeakWE,-1.570697
HAMI_BESS_RN,APR_2025,PeakWE,-10.368850
BRP_ZPT1_RN,APR_2025,PeakWE,-4.896376
N_MRD_ESR_RN,APR_2025,PeakWE,-10.224049
SPNC_SPNCE_5,APR_2025,PeakWE,1.656271
SBEAN_BESS,APR_2025,PeakWE,-11.288825
CEDROHI_CHW1,APR_2025,PeakWE,5.465794
CMPD_SLR_RN,APR_2025,PeakWE,9.135438
RIOG_ESR2_RN,APR_2025,PeakWE,-5.150529
VORT_ALL_RN,APR_2025,PeakWE,3.793979
SPNC_SPNCE_4,APR_2025,PeakWE,1.656271
SAN_SANMIGG1,APR_2025,PeakWE,0.605918
SC2SES_UNIT1,APR_2025,PeakWE,0.621515
MCLNSLR_RN,APR_2025,PeakWE,-8.768807
CBECII_CT7,APR_2025,PeakWE,-0.108125
MU_RN,APR_2025,PeakWE,-2.875280
WILDWIND_ALL,APR_2025,PeakWE,1.204467
TGCCS_ALL,APR_2025,PeakWE,0.706590
HB_NORTH,APR_2025,PeakWE,1.067534
COTPLNS_RN,APR_2025,PeakWE,8.243628
SIG_SLR_RN,APR_2025,PeakWE,0.607448
CISC_RN,APR_2025,PeakWE,-1.663660
CALAVER_JKS2,APR_2025,PeakWE,-3.226581
CALAVER_JKS1,APR_2025,PeakWE,-3.226581
FALFUR_RN2,APR_2025,PeakWE,1.777921
FORTMA_RN,APR_2025,PeakWE,-0.221334
CALAVER_JTD2,APR_2025,PeakWE,-3.108296
CALAVER_JTD1,APR_2025,PeakWE,-3.108296
HHGT_KENDAL,APR_2025,PeakWE,-0.209639
BRPMAGNO_RN,APR_2025,PeakWE,-3.726763
PEARSALL_RN,APR_2025,PeakWE,-5.240266
LASSO_GEN,APR_2025,PeakWE,-10.172466
LGE_LGE_GT2,APR_2025,PeakWE,0.489405
LGE_LGE_GT1,APR_2025,PeakWE,0.489405
RIPPEY_ALL,APR_2025,PeakWE,1.754142
SANDHSYD6_7,APR_2025,PeakWE,-1.980445
BRP_PBL2_RN,APR_2025,PeakWE,-13.490296
DC_R,APR_2025,PeakWE,-3.347424
PAVO_ESS_ALL,APR_2025,PeakWE,-9.125575
DC_N,APR_2025,PeakWE,5.104042
PISG_RN_ALL,APR_2025,PeakWE,0.397414
ALGOD_ALL_RN,APR_2025,PeakWE,2.747058
DC_L,APR_2025,PeakWE,9.051446
TNSKA_CCU,APR_2025,PeakWE,1.077341
VANCOURT_RN,APR_2025,PeakWE,6.606123
LPCCS_UNIT1,APR_2025,PeakWE,1.241235
DC_E,APR_2025,PeakWE,1.364731
LPCCS_UNIT2,APR_2025,PeakWE,1.241235
NCARBID_PUN1,APR_2025,PeakWE,-0.477743
NCARBID_PUN2,APR_2025,PeakWE,-0.477702
CN_BRKS_UNT1,APR_2025,PeakWE,8.255817
FAGUSSLR_RN,APR_2025,PeakWE,8.102068
QALSW_ALL,APR_2025,PeakWE,-5.246328
LZ_AEN,APR_2025,PeakWE,-2.353896
WAP_WAPGT_1,APR_2025,PeakWE,-2.498483
TXCTY_CTB,APR_2025,PeakWE,-3.898342
TXCTY_CTC,APR_2025,PeakWE,-3.898342
TORR_ALL,APR_2025,PeakWE,6.865144
TXCTY_CTA,APR_2025,PeakWE,-3.898342
REDFISH_ALL,APR_2025,PeakWE,5.945295
PANDA_T2_ST1,APR_2025,PeakWE,-0.389800
SWT_BESS_RN,APR_2025,PeakWE,-2.837877
DECKER_GT,APR_2025,PeakWE,-1.773891
OBERON_U1,APR_2025,PeakWE,-10.993576
GRAN_SLR_RN,APR_2025,PeakWE,-0.543379
MISAE_GEN_RN,APR_2025,PeakWE,8.101731
N_AL_BESS_RN,APR_2025,PeakWE,-4.980026
ANEM_ESS_RN,APR_2025,PeakWE,5.031858
ASCK_SLR_RN,APR_2025,PeakWE,8.061013
LOWR_ESS_RN,APR_2025,PeakWE,-5.890924
ZIER_SLR_ALL,APR_2025,PeakWE,-8.940296
RSK_RN,APR_2025,PeakWE,-0.571703
BAYC_BESS_RN,APR_2025,PeakWE,-2.314534
WHCCS2_4,APR_2025,PeakWE,1.592653
RN_ECEC_HOLT,APR_2025,PeakWE,-9.749367
BOSQ_BSQS_12,APR_2025,PeakWE,2.424331
FLTCK_SSI,APR_2025,PeakWE,0.355871
NED_NEDIN_G1,APR_2025,PeakWE,-2.619570
LONEWOLF_ALL,APR_2025,PeakWE,1.834778
NED_NEDIN_G2,APR_2025,PeakWE,-2.599570
NED_NEDIN_G3,APR_2025,PeakWE,-2.369570
BRISCOE_WIND,APR_2025,PeakWE,8.212852
ELSAUZ_ALL,APR_2025,PeakWE,9.872926
BOSQ_BSQSU_5,APR_2025,PeakWE,2.424331
RTLSNAKE_BT,APR_2025,PeakWE,-11.640295
COTTON_PAP2,APR_2025,PeakWE,1.626707
JUNCTION_RN,APR_2025,PeakWE,-13.261334
HI_LONEB_RN1,APR_2025,PeakWE,-5.414558
AZSP_SLR_RN,APR_2025,PeakWE,0.551187
TGS_GT01,APR_2025,PeakWE,-1.777539
CRWN_SLR_UN1,APR_2025,PeakWE,1.838554
FERGCC_GT2_3,APR_2025,PeakWE,-0.302440
MLSES_UNIT1,APR_2025,PeakWE,0.787448
MLSES_UNIT2,APR_2025,PeakWE,0.787448
MLSES_UNIT3,APR_2025,PeakWE,0.787448
ROW_ALL,APR_2025,PeakWE,0.640198
MWEC_G1,APR_2025,PeakWE,1.089371
E_BLACK_RN,APR_2025,PeakWE,-0.858191
JAR_RN,APR_2025,PeakWE,-0.575606
MILTON_RN,APR_2025,PeakWE,-1.777998
CHE_PUN2,APR_2025,PeakWE,-3.492404
CHE_PUN1,APR_2025,PeakWE,-3.492404
THW_1_CCU,APR_2025,PeakWE,-3.433870
BAKE_RN_ALL,APR_2025,PeakWE,1.215794
JC_BAT_RN,APR_2025,PeakWE,-0.511334
HB_PAN,APR_2025,PeakWE,7.944980
SANDLAKE_RN,APR_2025,PeakWE,-11.036585
BOSQ_BSQS_34,APR_2025,PeakWE,1.981524
TNS_SLR_ALL,APR_2025,PeakWE,2.220102
GZ_RN,APR_2025,PeakWE,-3.333742
GBY_GT,APR_2025,PeakWE,-3.465358
FLCNS_UNIT3,APR_2025,PeakWE,-2.177091
FENCESLR_ALL,APR_2025,PeakWE,0.549367
FLCNS_UNIT2,APR_2025,PeakWE,-2.177091
FLCNS_UNIT1,APR_2025,PeakWE,-2.177091
TOPAZ_ALL,APR_2025,PeakWE,-3.890207
CORAZON_RN,APR_2025,PeakWE,6.885144
LGW_UNIT_ALL,APR_2025,PeakWE,3.001648
JAG_SLR_RN,APR_2025,PeakWE,7.123059
GWEC_G1,APR_2025,PeakWE,0.894308
PANDA_S_ST1,APR_2025,PeakWE,1.007534
WHCCS_CT1_ST,APR_2025,PeakWE,1.593020
BOCO_ESS_RN,APR_2025,PeakWE,2.121550
FRNYPP_1_CCU,APR_2025,PeakWE,0.644375
SL_PUN2,APR_2025,PeakWE,-3.799965
SL_PUN1,APR_2025,PeakWE,-3.799965
TGW_T1_T2,APR_2025,PeakWE,7.325519
CHIL_SLR,APR_2025,PeakWE,-0.383053
COYOTSPR_RN,APR_2025,PeakWE,-11.141711
SAMSON_ALL,APR_2025,PeakWE,1.360223
TTWEC_G1,APR_2025,PeakWE,0.801164
WIPOPA_3_4,APR_2025,PeakWE,-1.134581
JUNG_SLR_RN,APR_2025,PeakWE,-0.598224
WOODWRD1_RN,APR_2025,PeakWE,-9.148432
LAPETUS_U1,APR_2025,PeakWE,-10.020453
LV5_UNIT1,APR_2025,PeakWE,-4.671291
FRNYPP_2_CCU,APR_2025,PeakWE,0.644375
FLOWERII_RN,APR_2025,PeakWE,-10.955579
PNPI_GT2_RN,APR_2025,PeakWE,-2.498483
LFSTH_RN,APR_2025,PeakWE,0.586182
CONIGLIO_RN,APR_2025,PeakWE,0.748538
MARBFA,APR_2025,PeakWE,-0.607258
HAYSEN1_2,APR_2025,PeakWE,-1.222586
HDNLAKES_RN,APR_2025,PeakWE,-3.811630
FLUVANNA_1_2,APR_2025,PeakWE,6.005975
CBY4_ALL,APR_2025,PeakWE,-3.396967
ROSELAND_ALL,APR_2025,PeakWE,2.240102
TC_PUN1,APR_2025,PeakWE,-2.498927
TC_PUN2,APR_2025,PeakWE,-2.498927
TURQ_BESS1,APR_2025,PeakWE,0.451035
LZ_CPS,APR_2025,PeakWE,-3.119117
PHOEBE_ALL,APR_2025,PeakWE,-10.773615
AMADEUS_ALL,APR_2025,PeakWE,4.541003
FERGCC_ST1_5,APR_2025,PeakWE,-0.302440
HHOLLW2_WND1,APR_2025,PeakWE,2.734055
HOL_ALL,APR_2025,PeakWE,-0.308836
FAL_FALCONG1,APR_2025,PeakWE,-3.644889
FAL_FALCONG2,APR_2025,PeakWE,-3.644889
EL_RAYO_ALL,APR_2025,PeakWE,6.887944
FAL_FALCONG3,APR_2025,PeakWE,-3.644889
CNTRY_RN,APR_2025,PeakWE,1.002942
FRYE_SLR_ALL,APR_2025,PeakWE,8.237123
CPSES_UNIT2,APR_2025,PeakWE,1.859673
THW_THWGT5X,APR_2025,PeakWE,-3.186944
TAV_RN,APR_2025,PeakWE,-2.303253
CPSES_UNIT1,APR_2025,PeakWE,1.859673
MIL_MILG1_2,APR_2025,PeakWE,0.374089
SWOOSEII_RN,APR_2025,PeakWE,-12.164935
GRANDVW1_A_B,APR_2025,PeakWE,8.209668
HB_HOUSTON,APR_2025,PeakWE,-2.480284
ETCCS_CCU,APR_2025,PeakWE,0.796329
SCSES_UNIT2,APR_2025,PeakWE,0.621515
SPLAIN1_RN,APR_2025,PeakWE,8.243628
NBOHR_RN,APR_2025,PeakWE,-0.571703
WIPOPA_1_2,APR_2025,PeakWE,-1.134581
LON_RN1,APR_2025,PeakWE,-2.022637
WHMESA_U1,APR_2025,PeakWE,-2.693621
BOARDCRK_ALL,APR_2025,PeakWE,0.397414
JAY_RN_1,APR_2025,PeakWE,-0.811286
BYRDR_ES_ALL,APR_2025,PeakWE,-1.524033
SBE_RN_1,APR_2025,PeakWE,-2.151807
PHO_ALL,APR_2025,PeakWE,-0.117526
REDGATE_RN,APR_2025,PeakWE,-2.649570
TV_RN,APR_2025,PeakWE,-2.866304
CFLATS_UNIT,APR_2025,PeakWE,-1.423908
AMO_AMOCO_G1,APR_2025,PeakWE,-3.896014
AMO_AMOCO_G2,APR_2025,PeakWE,-3.896014
MERCURY_ALL,APR_2025,PeakWE,8.061013
JCKCNTY2_ST2,APR_2025,PeakWE,2.617534
AMO_AMOCO_G3,APR_2025,PeakWE,-3.896014
FORMOSA_PUN2,APR_2025,PeakWE,-0.742440
FORMOSA_PUN1,APR_2025,PeakWE,-0.742440
DOWGEN_PUN2,APR_2025,PeakWE,-0.402695
CBECII_89,APR_2025,PeakWE,-0.108125
S_HILLS_RN,APR_2025,PeakWE,2.944297
DOWGEN_PUN3,APR_2025,PeakWE,-0.402695
L_FRE_ESR_RN,APR_2025,PeakWE,9.380550
DOWGEN_PUN1,APR_2025,PeakWE,-0.402695
SIL_SILAS_9,APR_2025,PeakWE,6.947944
MGSES_CT123,APR_2025,PeakWE,-0.723740
ANSON1_ALL,APR_2025,PeakWE,3.489809
SGM_SIGNALMT,APR_2025,PeakWE,-8.172092
CANYONWD_ALL,APR_2025,PeakWE,2.904497
SIL_SILAS_6,APR_2025,PeakWE,6.947944
PRSPERO2_ALL,APR_2025,PeakWE,-10.141404
BRP_SWNY_RN,APR_2025,PeakWE,-1.524033
FAULKNER_RN,APR_2025,PeakWE,-11.141711
BRTSW_BCW1,APR_2025,PeakWE,2.386450
BCK_RN,APR_2025,PeakWE,0.406741
WEBBER_WS_T1,APR_2025,PeakWE,-1.213664
TRINITY_ALL,APR_2025,PeakWE,4.834778
HEARN_RD_RN,APR_2025,PeakWE,-1.052469
SANTACRU_ALL,APR_2025,PeakWE,4.162581
DDPEC_GT6,APR_2025,PeakWE,-2.574394
PAVLOV_BT_RN,APR_2025,PeakWE,-3.180466
EBELLS_UNIT1,APR_2025,PeakWE,-0.003969
DDPEC_GT1,APR_2025,PeakWE,-2.574394
DDPEC_GT4,APR_2025,PeakWE,-2.574394
DDPEC_GT2,APR_2025,PeakWE,-2.574394
DDPEC_GT3,APR_2025,PeakWE,-2.574394
PCT_RN,APR_2025,PeakWE,-0.085619
FOXTROT_ALL,APR_2025,PeakWE,3.630677
PSA_PUN4,APR_2025,PeakWE,-3.589161
PSA_PUN5,APR_2025,PeakWE,-3.549161
ELMCRK_RN,APR_2025,PeakWE,-8.721967
PSA_PUN2,APR_2025,PeakWE,-3.549161
PSA_PUN3,APR_2025,PeakWE,-3.561120
JUNO_ALL,APR_2025,PeakWE,2.131550
PSA_PUN1,APR_2025,PeakWE,-3.549161
RUSSEKST_RN,APR_2025,PeakWE,-17.495091
RIGGIN_UNIT1,APR_2025,PeakWE,-9.696967
BASTEN_CCU,APR_2025,PeakWE,-1.219025
WCPP_CT2,APR_2025,PeakWE,2.617534
WCPP_CT1,APR_2025,PeakWE,2.617534
KEO_KEO_SM1,APR_2025,PeakWE,-9.125575
NWF_NWF1,APR_2025,PeakWE,-10.486256
HRBESS_BESS,APR_2025,PeakWE,-10.034473
KEECHI_U1,APR_2025,PeakWE,1.179509
FREC_1_CCU,APR_2025,PeakWE,0.963267
RIONOG_CT2,APR_2025,PeakWE,-1.450974
RIONOG_CT3,APR_2025,PeakWE,-1.450974
BTE_PUN2,APR_2025,PeakWE,-3.396967
WLTC_ESR_RN,APR_2025,PeakWE,1.390523
BTE_PUN1,APR_2025,PeakWE,-3.396967
GARC_BESS_RN,APR_2025,PeakWE,-5.406364
GUADG_CCU1,APR_2025,PeakWE,-1.557936
LGDRAW_S_ALL,APR_2025,PeakWE,2.121550
WND_WHITNEY,APR_2025,PeakWE,1.701524
PSG_PSG_GT3,APR_2025,PeakWE,-3.470606
GUADG_CCU2,APR_2025,PeakWE,-1.557936
MDANP_CT1_2,APR_2025,PeakWE,0.564629
RAB_G1-8,APR_2025,PeakWE,0.933746
RRANCHES_ALL,APR_2025,PeakWE,-11.579513
TEN_CT1_STG,APR_2025,PeakWE,1.340671
BRP_RN_UNIT1,APR_2025,PeakWE,-3.126762
PSG_PSG_GT2,APR_2025,PeakWE,-3.470606
TRENT_TRENT,APR_2025,PeakWE,-3.638565
TC_GTG2_RN,APR_2025,PeakWE,-2.498927
KELAMSL_U1,APR_2025,PeakWE,0.560296
RIONOG_CT1,APR_2025,PeakWE,-1.450974
PAP1_PAP1,APR_2025,PeakWE,1.626707
ATK_ATKINSG7,APR_2025,PeakWE,-2.091261
PROSPERO_ALL,APR_2025,PeakWE,-10.141404
NF_BRP_RN,APR_2025,PeakWE,-4.397040
SENATEWD_1,APR_2025,PeakWE,3.600626
PENA_ALL,APR_2025,PeakWE,7.325519
FLTBES1,APR_2025,PeakWE,-10.955579
BRP_LOOP_RN,APR_2025,PeakWE,-0.437060
BRP_LOP1_RN,APR_2025,PeakWE,-4.177086
CACH_ESS_RN,APR_2025,PeakWE,-1.628380
BRA_AVR_CST1,APR_2025,PeakWE,-3.042222
DIB_PUN2,APR_2025,PeakWE,-3.784773
DIB_PUN1,APR_2025,PeakWE,-3.784773
GRIM_SLR_RN,APR_2025,PeakWE,-2.215923
TKWSW_ROSCOE,APR_2025,PeakWE,2.757117
LHM_CVC_G4,APR_2025,PeakWE,-3.531398
CCEC_PUN2,APR_2025,PeakWE,1.430723
LZ_WEST,APR_2025,PeakWE,-6.649487
CCEC_PUN1,APR_2025,PeakWE,1.430723
OLNEYTN_AGR1,APR_2025,PeakWE,1.984632
DIB_DIB_G3,APR_2025,PeakWE,-3.784773
DIB_DIB_G4,APR_2025,PeakWE,-3.784773
FREC_2_CCU,APR_2025,PeakWE,0.991943
THW_THWGT_1,APR_2025,PeakWE,-3.986620
TORT_ESS_RN,APR_2025,PeakWE,-2.496824
BAFFIN_ALL,APR_2025,PeakWE,7.325519
ANDMDSLR_ALL,APR_2025,PeakWE,4.797540
LZ_LCRA,APR_2025,PeakWE,-4.302439
CLO_RN,APR_2025,PeakWE,-2.955000
DIB_DIB_G1,APR_2025,PeakWE,-3.784773
DIB_DIB_G2,APR_2025,PeakWE,-3.784773
PANDA_T1_ST1,APR_2025,PeakWE,-0.389800
INDNNWP_RN,APR_2025,PeakWE,-10.107141
MNWL_BESS_RN,APR_2025,PeakWE,0.480074
RN_TOSBATT,APR_2025,PeakWE,-1.743450
MIDWY_RN,APR_2025,PeakWE,-10.557769
LAUR_BESS_RN,APR_2025,PeakWE,9.879483
TAYGETE_ALL,APR_2025,PeakWE,-10.372914
MCDLD_FCSBW1,APR_2025,PeakWE,-4.051724
LHORN_N_U1_2,APR_2025,PeakWE,8.212852
MOZART_WIND1,APR_2025,PeakWE,-1.413484
FRMRSVLW_RN,APR_2025,PeakWE,0.719837
ANG_ALL,APR_2025,PeakWE,1.258974
JADE_SLR_ALL,APR_2025,PeakWE,5.192372
CCEC_ST1,APR_2025,PeakWE,1.430723
RAMBLER_UNIT,APR_2025,PeakWE,1.258974
CALHOUN_ALL,APR_2025,PeakWE,-0.472439
INDNENR_1_RN,APR_2025,PeakWE,-10.511808
NOBLESLR_ALL,APR_2025,PeakWE,1.737992
STWF_T1,APR_2025,PeakWE,-3.638565
LEG_LEG_G2,APR_2025,PeakWE,0.288822
LEG_LEG_G1,APR_2025,PeakWE,0.288822
WHTTAIL_WR1,APR_2025,PeakWE,5.210409
TRSES_UNIT6,APR_2025,PeakWE,0.629367
SCLP_SCLPC_2,APR_2025,PeakWE,-1.546967
SCLP_SCLPC_1,APR_2025,PeakWE,-1.546967
SCLP_SCLPC_4,APR_2025,PeakWE,-1.546967
SWEETWND_1,APR_2025,PeakWE,2.575300
W_PECO_UNIT1,APR_2025,PeakWE,-11.318724
AJAXWIND_RN,APR_2025,PeakWE,4.892888
ALP_BESS_RN,APR_2025,PeakWE,-11.758854
BIGSTAR_ALL,APR_2025,PeakWE,-1.159797
RN_DEC_AGR_A,APR_2025,PeakWE,1.504467
RN_DEC_AGR_B,APR_2025,PeakWE,1.504467
MROW_SLR_RN,APR_2025,PeakWE,-5.240266
ARAGORN_RN,APR_2025,PeakWE,-11.042695
PHOENIX_RN,APR_2025,PeakWE,0.813021
MIAM1_G1_G2,APR_2025,PeakWE,8.179824
WFCOGEN_13,APR_2025,PeakWE,4.287974
HWF_HWFG1,APR_2025,PeakWE,2.953594
CHE_LYD,APR_2025,PeakWE,-3.492404
HB_WEST,APR_2025,PeakWE,0.314980
RN_DEC_AGR_C,APR_2025,PeakWE,1.517715
RN_DEC_AGR_D,APR_2025,PeakWE,1.504467
STAM_SLR_ALL,APR_2025,PeakWE,1.353729
PRID_RN,APR_2025,PeakWE,2.052243
JACKCNTY_CT1,APR_2025,PeakWE,1.179509
T_CK_GT2_RN,APR_2025,PeakWE,0.717832
JACKCNTY_CT2,APR_2025,PeakWE,1.179509
SWEC_G1,APR_2025,PeakWE,-8.524373
BYU_BYU_1,APR_2025,PeakWE,-3.891769
VICTPORT_RN,APR_2025,PeakWE,-0.212973
WFCOGEN_24,APR_2025,PeakWE,4.287974
RAYB_G78910,APR_2025,PeakWE,-0.497743
BYU_G4_RN,APR_2025,PeakWE,-3.891769
SJS_SJS_G2,APR_2025,PeakWE,-3.857062
SJS_SJS_G1,APR_2025,PeakWE,-3.857062
DAN_ALL,APR_2025,PeakWE,-0.539366
EIFSLR_UNIT1,APR_2025,PeakWE,1.026166
SPARTA_ALL,APR_2025,PeakWE,3.630677
BRAZ_WND_ALL,APR_2025,PeakWE,0.042887
AMO_AMOCO_S1,APR_2025,PeakWE,-3.896014
BLSMT1_5_A_6,APR_2025,PeakWE,5.101889
SSPURT_WIND1,APR_2025,PeakWE,8.241530
AMO_AMOCO_S2,APR_2025,PeakWE,-3.896014
ECLIPSE_UN1,APR_2025,PeakWE,-7.644905
LV4_UNIT_1,APR_2025,PeakWE,5.215794
EUNICE_ALL,APR_2025,PeakWE,-10.084532
STELLA_RN,APR_2025,PeakWE,7.325519
CATARINA_B1,APR_2025,PeakWE,-16.668807
DKNS_ESS_RN,APR_2025,PeakWE,5.266869
LV1A_LV1B,APR_2025,PeakWE,8.566123
AGUAYO_UNIT1,APR_2025,PeakWE,1.999222
LGD_LANGFORD,APR_2025,PeakWE,-2.221452
ADL_RN,APR_2025,PeakWE,-3.581931
DRYFRIO_RN,APR_2025,PeakWE,-5.565322
MV_VALV4_RN,APR_2025,PeakWE,-5.723787
WL_RANCH_RN,APR_2025,PeakWE,-0.631452
YNG_WND_ALL,APR_2025,PeakWE,3.472942
INGLCO_PUN1,APR_2025,PeakWE,0.362415
INGLCO_PUN2,APR_2025,PeakWE,0.412415
INGLCO_PUN3,APR_2025,PeakWE,0.389405
SADLBACK_RN,APR_2025,PeakWE,-11.111158
X443ESRN,APR_2025,PeakWE,-3.581728
PC_SOUTH_ALL,APR_2025,PeakWE,-0.887091
MCSES_UNIT8,APR_2025,PeakWE,0.412054
BRP_DIKN_RN,APR_2025,PeakWE,-3.987440
BVE_UNIT1,APR_2025,PeakWE,0.933746
SALVTION_GEN,APR_2025,PeakWE,5.117224
ALVIN_RN,APR_2025,PeakWE,-2.496824
UCC_COG_PUN2,APR_2025,PeakWE,-3.876763
BVE_UNIT2,APR_2025,PeakWE,0.933746
BVE_UNIT3,APR_2025,PeakWE,0.933746
MCSES_UNIT7,APR_2025,PeakWE,0.412054
MCSES_UNIT6,APR_2025,PeakWE,0.412054
SIL_SILAS_10,APR_2025,PeakWE,6.967944
HMNG_ESS_RN,APR_2025,PeakWE,1.737992
JKLP_SLR_RN,APR_2025,PeakWE,1.625627
HB_SOUTH,APR_2025,PeakWE,-0.172439
LAMESASLR_G,APR_2025,PeakWE,-11.758854
HV_BESS1_RN,APR_2025,PeakWE,-3.334454
KARAKAW1_1,APR_2025,PeakWE,2.945882
TKWSW_CHAMP,APR_2025,PeakWE,2.757117
CS_RN,APR_2025,PeakWE,-3.629467
ANTL_ESS_ES1,APR_2025,PeakWE,-10.372379
CHAMON_UN2,APR_2025,PeakWE,-3.535404
CHAMON_UN1,APR_2025,PeakWE,-3.535404
AQUI_ALL,APR_2025,PeakWE,8.061013
LHM_PUN2,APR_2025,PeakWE,-3.531398
LHM_PUN1,APR_2025,PeakWE,-3.531398
SANDHSYD_5AC,APR_2025,PeakWE,-1.980445
PB2SES_CT3,APR_2025,PeakWE,-12.603160
PB2SES_CT4,APR_2025,PeakWE,-12.603160
RELOJ_ALL,APR_2025,PeakWE,6.525467
PB2SES_CT5,APR_2025,PeakWE,-12.603160
MIL_MILG345,APR_2025,PeakWE,0.374089
RVRVLYS_ALL,APR_2025,PeakWE,-0.496200
RN_OCI_ALAMO,APR_2025,PeakWE,-3.427791
PB2SES_CT1,APR_2025,PeakWE,-12.603160
PB2SES_CT2,APR_2025,PeakWE,-12.603160
TAHOKA_ALL,APR_2025,PeakWE,1.847046
GPASTURE_ALL,APR_2025,PeakWE,6.717135
PIRATE_RN,APR_2025,PeakWE,-0.452648
ASTRA_RN,APR_2025,PeakWE,8.273676
TNP_TNP_O_2,APR_2025,PeakWE,0.164526
NOVA1SLR_ALL,APR_2025,PeakWE,5.225888
MOORE_FL_RN,APR_2025,PeakWE,-3.591164
HOVEY_GEN,APR_2025,PeakWE,-9.803865
CHISMGRD_RN,APR_2025,PeakWE,1.928488
AURO_SLR_RN,APR_2025,PeakWE,-0.137969
MUENSTER_RN,APR_2025,PeakWE,5.200409
STRATEGC_RN,APR_2025,PeakWE,0.341788
TNP_TNP_O_1,APR_2025,PeakWE,0.164526
TI_SOLAR_ALL,APR_2025,PeakWE,-11.042695
SHANNONW_RN,APR_2025,PeakWE,4.127955
HHOLLW3_WND1,APR_2025,PeakWE,2.734055
PRO_RN,APR_2025,PeakWE,-2.639965
GREGORY_RN,APR_2025,PeakWE,0.225308
TYNAN_RN,APR_2025,PeakWE,-1.629362
PALACIOS_RN,APR_2025,PeakWE,-1.698754
CTW_RN,APR_2025,PeakWE,-2.154595
MAINLAND_RN,APR_2025,PeakWE,-3.527026
SRWE1_UNIT1,APR_2025,PeakWE,2.121550
PORTSL_UNIT1,APR_2025,PeakWE,3.690409
CAPRIDG4_CR4,APR_2025,PeakWE,1.109611
RN_RTS1,APR_2025,PeakWE,2.170897
LOS_LOSTPST1,APR_2025,PeakWE,-1.043156
BRP_PBL1_RN,APR_2025,PeakWE,-13.490296
MONT_WND_RN,APR_2025,PeakWE,5.147224
STEA_STEAM_2,APR_2025,PeakWE,0.444375
STEA_STEAM_1,APR_2025,PeakWE,0.434375
RHESS2_ESS1,APR_2025,PeakWE,-9.056788
STEA_STEAM_3,APR_2025,PeakWE,0.444375
OUTP_SLR_RN,APR_2025,PeakWE,4.980573
GOLINDA_UN1,APR_2025,PeakWE,1.838554
JAD_RN,APR_2025,PeakWE,-3.622283
BYU_BYU_12,APR_2025,PeakWE,-3.891769
HYDR_ESS_RN,APR_2025,PeakWE,-7.817718
OGSES_2,APR_2025,PeakWE,0.141630
DGFS_ESR_RN,APR_2025,PeakWE,-9.507133
OGSES_1,APR_2025,PeakWE,0.141630
MESQCRK_ALL,APR_2025,PeakWE,2.121550
DA_BESS2,APR_2025,PeakWE,-2.432923
GKS_BESS_RN,APR_2025,PeakWE,4.535504
RIOG_ESR_RN,APR_2025,PeakWE,-5.150529
SCES_UNIT1,APR_2025,PeakWE,2.240102
SPLAIN2_RN,APR_2025,PeakWE,8.243628
WFTANK_ESS1,APR_2025,PeakWE,6.239160
BBREEZE_1_2,APR_2025,PeakWE,9.872926
BRAUNIG_VHB3,APR_2025,PeakWE,-3.308296
HICK_G1_G2,APR_2025,PeakWE,-2.693621
PYR_PYRON1,APR_2025,PeakWE,2.757117
BRAUNIG_VHB1,APR_2025,PeakWE,-2.995471
BRAUNIG_VHB2,APR_2025,PeakWE,-2.995471
WIR_WIRTZ_G1,APR_2025,PeakWE,-0.377258
WIR_WIRTZ_G2,APR_2025,PeakWE,-0.377258
HRZN_SLR_UN1,APR_2025,PeakWE,-5.190266
JUNORTH_RN,APR_2025,PeakWE,-13.261007
EMPCT_RN,APR_2025,PeakWE,0.337220
AZ_ALL,APR_2025,PeakWE,-3.776501
LACASAWD_RN,APR_2025,PeakWE,0.948844
BYU_BYU_34,APR_2025,PeakWE,-3.891769
OXY_OXY_CCG1,APR_2025,PeakWE,1.345737
COYOTSPR_AGR,APR_2025,PeakWE,-11.141711
STAR_SLR_RN,APR_2025,PeakWE,-6.019484
SWTWN4_WND45,APR_2025,PeakWE,2.575300
CITYVICT_ALL,APR_2025,PeakWE,-0.048053
CARBN_BSP_1,APR_2025,PeakWE,-6.542092
TRUSGILL_RN,APR_2025,PeakWE,5.147224
DENISON_G1_2,APR_2025,PeakWE,0.994406
LZ_NORTH,APR_2025,PeakWE,0.779766
BATCAVE_RN,APR_2025,PeakWE,-0.221334
FWLR_SLR_1,APR_2025,PeakWE,-8.698210
FIVEWSLR_ALL,APR_2025,PeakWE,-0.383053
PANDA_T2_CT2,APR_2025,PeakWE,-0.389800
PANDA_T2_CT1,APR_2025,PeakWE,-0.389800
MAR_MARSFOG3,APR_2025,PeakWE,-2.080949
MAR_MARSFOG2,APR_2025,PeakWE,-2.080949
MAR_MARSFOG1,APR_2025,PeakWE,-2.070949
EXGNSND_RN,APR_2025,PeakWE,-5.838071
TBWF_ES_BES1,APR_2025,PeakWE,-8.625532
HLSES_UNIT3,APR_2025,PeakWE,1.231772
HLSES_UNIT4,APR_2025,PeakWE,1.231621
HLSES_UNIT5,APR_2025,PeakWE,1.231772
BAIRDWND_ALL,APR_2025,PeakWE,3.847974
SWOOSE1_U1,APR_2025,PeakWE,-12.164935
AZURE_RN,APR_2025,PeakWE,4.077224
HB_HUBAVG,APR_2025,PeakWE,-0.310605
DANSBY_ALL,APR_2025,PeakWE,-2.030765
BULLCRK_1_2,APR_2025,PeakWE,0.523152
GIGA_ESS_RN,APR_2025,PeakWE,-0.879025
CHE_LYD2,APR_2025,PeakWE,-3.492404
LV3_RN,APR_2025,PeakWE,5.140504
RDCAN_RDCNY1,APR_2025,PeakWE,0.487887
BSS_U1,APR_2025,PeakWE,-1.538634
BRPANGLE_RN,APR_2025,PeakWE,-1.389700
GREASWOD_ALL,APR_2025,PeakWE,-7.892894
CVC_CVC_G2,APR_2025,PeakWE,-3.461261
CVC_CVC_G3,APR_2025,PeakWE,-3.461261
ENDPARK_ESS1,APR_2025,PeakWE,6.005975
FOARDCTY_ALL,APR_2025,PeakWE,5.167884
CVC_CVCG1_5,APR_2025,PeakWE,-3.461261
ELSA_ESR_RN,APR_2025,PeakWE,-5.852554
RANCHERO_ALL,APR_2025,PeakWE,-3.243381
ODESW_RN,APR_2025,PeakWE,-8.033953
RADN_SLR_ALL,APR_2025,PeakWE,2.315902
WAKEWE_ALL,APR_2025,PeakWE,5.266869
POTSVIL_RN,APR_2025,PeakWE,-0.179286
MEDILA_RN,APR_2025,PeakWE,-10.767944
ANACACHO_ANA,APR_2025,PeakWE,-7.133332
HB_BUSAVG,APR_2025,PeakWE,0.195743
BRP_BRAZ_RN,APR_2025,PeakWE,-1.488235
CALAVER_OWS1,APR_2025,PeakWE,-3.051922
DA_BESS,APR_2025,PeakWE,-2.432923
FRONT_EC_RN3,APR_2025,PeakWE,-3.589591
COL_COLETOG1,APR_2025,PeakWE,1.447561
CALAVER_OWS2,APR_2025,PeakWE,-3.051922
HALO_RN1,APR_2025,PeakWE,-0.263160
FRONT_EC_RN2,APR_2025,PeakWE,-3.589591
FRONT_EC_RN1,APR_2025,PeakWE,-3.589591
DDPEC_ST1,APR_2025,PeakWE,-2.574394
DC2SES_ALL,APR_2025,PeakWE,1.083022
SHAFFER_ALL,APR_2025,PeakWE,4.951866
HOUSEMTN_RN,APR_2025,PeakWE,-10.172466
REROCK_ALL,APR_2025,PeakWE,-9.803076
PEARSA_1_24,APR_2025,PeakWE,-5.190266
CRANELL_ALL,APR_2025,PeakWE,2.063238
LZ_SOUTH,APR_2025,PeakWE,-1.856301
PSA_PSA_G5,APR_2025,PeakWE,-3.549161
PSA_PSA_G6,APR_2025,PeakWE,-3.549161
BCH_RN,APR_2025,PeakWE,-1.570697
PANDA_S_CT2,APR_2025,PeakWE,1.007534
PSA_PSA_G7,APR_2025,PeakWE,-3.549161
SGSA_DGR,APR_2025,PeakWE,-9.803865
CAL_PUN1,APR_2025,PeakWE,-3.781931
CAL_PUN2,APR_2025,PeakWE,-3.781931
TIMPP_RN2,APR_2025,PeakWE,-1.202796
ABINDUST_RN,APR_2025,PeakWE,-8.159471
TIMPP_RN1,APR_2025,PeakWE,-1.202796
PLATINUM_RN,APR_2025,PeakWE,0.996602
SWEETWN3_3,APR_2025,PeakWE,2.575300
MAND_SLR_RN,APR_2025,PeakWE,-0.069009
GOMZ_RN,APR_2025,PeakWE,-10.192378
WOODWRD2_RN,APR_2025,PeakWE,-9.148432
WNDTS2_UNIT1,APR_2025,PeakWE,5.069509
PSA_PSA_G1,APR_2025,PeakWE,-3.561931
PANDA_S_CT1,APR_2025,PeakWE,1.007534
PSA_PSA_G2,APR_2025,PeakWE,-3.561931
PSA_PSA_G3,APR_2025,PeakWE,-3.588731
PSA_PSA_G4,APR_2025,PeakWE,-3.561526
WES_ALL,APR_2025,PeakWE,-1.632803
BR_VHB6CT5_6,APR_2025,PeakWE,-2.995471
MDANP_CT5_6,APR_2025,PeakWE,0.564629
OLIN_OLING_4,APR_2025,PeakWE,0.457607
OR_BESS_RN,APR_2025,PeakWE,-2.570783
OLIN_OLING_3,APR_2025,PeakWE,0.457607
LEONLCPCT3_4,APR_2025,PeakWE,-3.616762
OLIN_OLING_2,APR_2025,PeakWE,0.457607
OLIN_OLING_1,APR_2025,PeakWE,0.397607
STP_STP_G2,APR_2025,PeakWE,0.000000
STP_STP_G1,APR_2025,PeakWE,0.000000
SANDHSYD1_2,APR_2025,PeakWE,-1.980445
ROUTE66_RN,APR_2025,PeakWE,8.209668
AUSTPL_ALL,APR_2025,PeakWE,-3.765925
SLCN_ESS_ALL,APR_2025,PeakWE,-0.825766
ELECTRAW_1_2,APR_2025,PeakWE,5.048219
ELZA_SLR_RN,APR_2025,PeakWE,0.636693
OGS_SLR_RN,APR_2025,PeakWE,-0.670106
SPTX12B_RN,APR_2025,PeakWE,-8.610942
LZ_RAYBN,APR_2025,PeakWE,0.534779
AMOCO_PUN1,APR_2025,PeakWE,-3.896014
AMOCO_PUN2,APR_2025,PeakWE,-3.896014
TTRSW_RN,APR_2025,PeakWE,1.360223
OWF_OWF,APR_2025,PeakWE,-3.708146
BOOTLEG_UN1,APR_2025,PeakWE,-7.817718
B_DAVIS_4,APR_2025,PeakWE,2.038093
B_DAVIS_3,APR_2025,PeakWE,2.038093
CNLY_ESS_RN,APR_2025,PeakWE,1.608471
WH_WIND_ALL,APR_2025,PeakWE,3.080042
BRP_ZPT2_RN,APR_2025,PeakWE,-5.396376
LV3_UNIT1,APR_2025,PeakWE,5.215794
MIRAGE_G1,APR_2025,PeakWE,-3.883707
DUKE_GST1CCU,APR_2025,PeakWE,-3.163700
JCKCNTY2_CT4,APR_2025,PeakWE,2.617534
JCKCNTY2_CT3,APR_2025,PeakWE,2.617534
BYU_PUN4,APR_2025,PeakWE,-3.891769
W_HRL_ESR_RN,APR_2025,PeakWE,-8.054049
LZ_HOUSTON,APR_2025,PeakWE,-2.910284
VLSES_UNIT3,APR_2025,PeakWE,0.996166
HHOLLW4_WND1,APR_2025,PeakWE,2.744055
BYU_PUN1,APR_2025,PeakWE,-3.891769
AMISTAD_ALL,APR_2025,PeakWE,-10.298850
LMO_ESR_RN,APR_2025,PeakWE,-2.471261
BYU_PUN2,APR_2025,PeakWE,-3.891769
BYU_PUN3,APR_2025,PeakWE,-3.891769
LMAJADAS_ALL,APR_2025,PeakWE,9.377505
WGU_RN,APR_2025,PeakWE,-1.821319
CHALUP_ALL,APR_2025,PeakWE,9.574587
BR_VHB6CT7_8,APR_2025,PeakWE,-2.995471
GUNMTN_NODE,APR_2025,PeakWE,-12.610510
CAPRIDGE_ALL,APR_2025,PeakWE,1.109611
MARIAH_ALL,APR_2025,PeakWE,8.273676
HRFDWIND_ALL,APR_2025,PeakWE,8.273676
SLTFRK_UN1_2,APR_2025,PeakWE,8.179824
LEONLCPCT1_2,APR_2025,PeakWE,-3.616762
MDANP_CT3_4,APR_2025,PeakWE,1.208496
CAMWIND_RN,APR_2025,PeakWE,10.671193
ELS_RN_1,APR_2025,PeakWE,0.934156
SANDHSYD3_4,APR_2025,PeakWE,-1.980445
HLY_RN,APR_2025,PeakWE,-3.629467
EXGNWTL_1,APR_2025,PeakWE,5.465794
BARROW_ALL,APR_2025,PeakWE,-9.876101
BUCHAN_ALL,APR_2025,PeakWE,-2.585925
GOA_GOATWIND,APR_2025,PeakWE,1.138086
LGE_LGE_STG,APR_2025,PeakWE,0.489405
RN_APOGEE,APR_2025,PeakWE,7.990729
PH1_UNIT1_2,APR_2025,PeakWE,8.194573
LIG_RN,APR_2025,PeakWE,-3.536091
PHILLWND_ALL,APR_2025,PeakWE,2.544955
GOODNIT1_ALL,APR_2025,PeakWE,8.210570
FLVABES1_ESR,APR_2025,PeakWE,-10.955579
LBRA_BES1,APR_2025,PeakWE,-1.474247
PC_NORTH_1,APR_2025,PeakWE,-0.887091
PITSDD_UNIT1,APR_2025,PeakWE,1.921524
GALO_RN1,APR_2025,PeakWE,2.036092
BRIGHTSD_RN,APR_2025,PeakWE,0.062986
PIONR_DJ_RN,APR_2025,PeakWE,-5.860225
HI_LONE_ALL,APR_2025,PeakWE,-5.414558
IND_INADALE1,APR_2025,PeakWE,2.757117
BRANDON_RN,APR_2025,PeakWE,1.949809
QUEEN_BA_RN,APR_2025,PeakWE,-8.050408
WCPP_ST1,APR_2025,PeakWE,2.617534
SWEETWN2_2_4,APR_2025,PeakWE,2.575300
PAULN_RN,APR_2025,PeakWE,0.405288
WAP_WAP_G4,APR_2025,PeakWE,-2.764991
NACPW_UNIT1,APR_2025,PeakWE,0.624017
WAP_WAP_G3,APR_2025,PeakWE,-2.764991
FERMI_ALL,APR_2025,PeakWE,-10.372379
WHCCS2_5_6,APR_2025,PeakWE,1.593330
WAP_WAP_G2,APR_2025,PeakWE,-2.498483
WAP_WAP_G1,APR_2025,PeakWE,-2.498483
DERMOTT_ALL,APR_2025,PeakWE,5.188991
LACY_CRK_ALL,APR_2025,PeakWE,-0.306485
NUE_NUECESG7,APR_2025,PeakWE,1.596707
NUE_NUECESG8,APR_2025,PeakWE,1.461279
NUE_NUECESG9,APR_2025,PeakWE,1.461279
ANOL_ESS_RN,APR_2025,PeakWE,0.703717
RN_SR_WIND1,APR_2025,PeakWE,9.426123
RPUBRDS_RN,APR_2025,PeakWE,-1.680783
FTR_FTR_G1_4,APR_2025,PeakWE,-2.712680
INDNENR_2_RN,APR_2025,PeakWE,-9.642414
OECCS_2,APR_2025,PeakWE,-7.532339
MGSES_CT456,APR_2025,PeakWE,-0.723740
BRIGHTSD_U1,APR_2025,PeakWE,-0.162163
WHCCS_CT2,APR_2025,PeakWE,1.593020
RIONOG_ST1,APR_2025,PeakWE,-1.450974
TOYAH_RN,APR_2025,PeakWE,-9.944859
VENADO_ALL,APR_2025,PeakWE,-4.085023
TUL_SLR_ALL,APR_2025,PeakWE,-0.531972
OECCS_1,APR_2025,PeakWE,-7.532339
BRHEIGHT_RN,APR_2025,PeakWE,-3.883273
PTLBES_BESS1,APR_2025,PeakWE,-0.808470
TRUENO_ALL,APR_2025,PeakWE,6.887944
BTM_ALL,APR_2025,PeakWE,-1.878514
HOLSTEIN_ALL,APR_2025,PeakWE,2.682417
SIRIUS_UNIT1,APR_2025,PeakWE,-9.724497
LARDVFTN_G5,APR_2025,PeakWE,9.001446
CROSSETT_ALL,APR_2025,PeakWE,-8.835502
LARDVFTN_G4,APR_2025,PeakWE,9.001446
HORSECRK_RN,APR_2025,PeakWE,5.117224
GAMBIT_RN,APR_2025,PeakWE,-1.379700
NEBULA_RN,APR_2025,PeakWE,6.606123
PALE_ESS_EN,APR_2025,PeakWE,5.675787
CRAWFISH_RN,APR_2025,PeakWE,-1.576913
BLACKJAK_RN,APR_2025,PeakWE,2.063238
SNY_BESS_RN,APR_2025,PeakWE,-2.017091
CSC_CSECG1_2,APR_2025,PeakWE,0.787887
WOV_BESS_RN,APR_2025,PeakWE,-9.183258
MUSTNGCK_ALL,APR_2025,PeakWE,-1.528328
TYLRWIND_RN,APR_2025,PeakWE,5.210409
FPPYD_FPP_G1,APR_2025,PeakWE,-0.558427
BORDAS_345,APR_2025,PeakWE,6.615467
FPPYD_FPP_G3,APR_2025,PeakWE,-0.557245
FPPYD_FPP_G2,APR_2025,PeakWE,-0.558427
THW_2_CCU,APR_2025,PeakWE,-3.433870
LPCCS_CT22,APR_2025,PeakWE,1.261235
APPALOSA_ALL,APR_2025,PeakWE,-13.556925
LPCCS_CT21,APR_2025,PeakWE,1.261235
GRDNE_ESR_RN,APR_2025,PeakWE,-4.674431
PALMWI_UNIT1,APR_2025,PeakWE,10.703241
INKS_INKS_G1,APR_2025,PeakWE,-1.912439
MYRY_ESR_RN,APR_2025,PeakWE,-3.375135
RBN_BESS1,APR_2025,PeakWE,-2.522700
SUNVASLR_ALL,APR_2025,PeakWE,8.085339
TRIPBUT1_RN,APR_2025,PeakWE,-9.806966
DUKE_GT2_CCU,APR_2025,PeakWE,-3.163700
WAP_WAP_G8,APR_2025,PeakWE,0.839828
PANDA_T1_CT2,APR_2025,PeakWE,-0.389800
WAP_WAP_G7,APR_2025,PeakWE,-1.013456
EBNY_ESS_RN,APR_2025,PeakWE,-2.606815
WAP_WAP_G6,APR_2025,PeakWE,-1.013456
SWFT_SLR_RN,APR_2025,PeakWE,-10.465125
WAP_WAP_G5,APR_2025,PeakWE,-2.498483
CHAL_SLR_RN,APR_2025,PeakWE,-11.272695
SG_BES_BESS1,APR_2025,PeakWE,-9.697885
PANDA_T1_CT1,APR_2025,PeakWE,-0.389800
NCARBIDE_1_7,APR_2025,PeakWE,-0.477722
PAD1_ESS_RN,APR_2025,PeakWE,-3.051922
CBY_CBY_G1,APR_2025,PeakWE,-3.935447
CBY_CBY_G2,APR_2025,PeakWE,-3.651935
BUFF_GAP_ALL,APR_2025,PeakWE,2.744055
MRKM_SLR_RN,APR_2025,PeakWE,1.478664
HAYSEN3_4,APR_2025,PeakWE,-1.222586
DUP_PUN2,APR_2025,PeakWE,-0.212973
DUP_PUN1,APR_2025,PeakWE,-0.212973
DUP_PUN4,APR_2025,PeakWE,-0.212973
CALLAHA_WND1,APR_2025,PeakWE,2.559285
DUP_PUN3,APR_2025,PeakWE,-0.212973
OLNEYTN_RN,APR_2025,PeakWE,1.984632
BLVN_RN,APR_2025,PeakWE,2.252458
CORALSLR_ALL,APR_2025,PeakWE,1.479766
LPCCS_CT11,APR_2025,PeakWE,1.261235
SROSA_ESR_RN,APR_2025,PeakWE,1.768106
LPCCS_CT12,APR_2025,PeakWE,1.241235
INRT_W_ALL,APR_2025,PeakWE,4.077974
DAG_ALL,APR_2025,PeakWE,-1.477199
7RNCHSLR_ALL,APR_2025,PeakWE,-1.223664
WEC_WECG1,APR_2025,PeakWE,0.488096
ELB_ELBCREEK,APR_2025,PeakWE,-0.887091
MYRY_BES2_RN,APR_2025,PeakWE,-3.375135
HELIOS_RN,APR_2025,PeakWE,-5.568808
HOLCOMB_RN1,APR_2025,PeakWE,-5.830191
PEY_RN,APR_2025,PeakWE,-0.085619
SADLBCK_AGR1,APR_2025,PeakWE,-11.111158
GID_GIDEONG1,APR_2025,PeakWE,-1.283490
DIBOL_RN,APR_2025,PeakWE,0.576182
GID_GIDEONG2,APR_2025,PeakWE,-1.283490
SOLARA_UNIT1,APR_2025,PeakWE,0.208632
GID_GIDEONG3,APR_2025,PeakWE,-1.283490
BKSL_RN,APR_2025,PeakWE,5.266869
LOS_LOSTPGT1,APR_2025,PeakWE,-1.043156
MASSENGL_G7,APR_2025,PeakWE,3.551017
FRMR_BS2_RN1,APR_2025,PeakWE,0.719837
MASSENGL_G6,APR_2025,PeakWE,3.551017
PRCRK_RN,APR_2025,PeakWE,0.387978
LOS_LOSTPGT2,APR_2025,PeakWE,-1.043156
MASSENGL_G8,APR_2025,PeakWE,7.470805
SHEEPCRK_1,APR_2025,PeakWE,3.997974
CASL_GAP_UN1,APR_2025,PeakWE,-8.595820
FERGCC_GT1_1,APR_2025,PeakWE,-0.302440
PSG_PSG_ST1,APR_2025,PeakWE,-3.470606
AVIAT_ALL,APR_2025,PeakWE,1.109611
PH2_U1_U2,APR_2025,PeakWE,8.194573
TREB_SOLAR1,APR_2025,PeakWE,-0.472439
GRSES_UNIT1,APR_2025,PeakWE,2.940534
FTWIND_UNIT1,APR_2025,PeakWE,2.989766
GRSES_UNIT2,APR_2025,PeakWE,3.204698
FALFUR_RN,APR_2025,PeakWE,1.777921
WAYMARK_RN,APR_2025,PeakWE,-7.797718
H_HOLLO_WND1,APR_2025,PeakWE,2.734055
OXY_PUN1,APR_2025,PeakWE,1.345737
OXY_PUN2,APR_2025,PeakWE,1.345737
TXCTY_ST,APR_2025,PeakWE,-3.898342
ANCHOR_ALL,APR_2025,PeakWE,3.781409
LONESTAR_RN,APR_2025,PeakWE,-11.056256
EXN_PUN3,APR_2025,PeakWE,-3.730442
EXN_PUN2,APR_2025,PeakWE,-3.730442
EXN_PUN1,APR_2025,PeakWE,-3.730442
BLUEJAY_RN,APR_2025,PeakWE,-2.043273
DMA_RN,APR_2025,PeakWE,-1.459906
DILEOS_UNIT1,APR_2025,PeakWE,1.385339
ESTONIAN_ALL,APR_2025,PeakWE,1.026166
HORSCR_RN,APR_2025,PeakWE,-9.120290
TRBT_SLR_RN,APR_2025,PeakWE,-7.902894
RRC_WIND_ALL,APR_2025,PeakWE,4.011409
SKY1,APR_2025,PeakWE,-1.654386
JACKCNTY_STG,APR_2025,PeakWE,1.179509
KARAKAW2_1,APR_2025,PeakWE,2.945882
WHITE_PT_UN1,APR_2025,PeakWE,1.543240
STEAM_ENG123,APR_2025,PeakWE,0.444375
VERAWIND_ALL,APR_2025,PeakWE,5.147224
AE_RN,APR_2025,PeakWE,-1.570065
WIG_BESS_RN,APR_2025,PeakWE,0.619837
BELM_SLR_RN,APR_2025,PeakWE,2.255304
NCO_RN,APR_2025,PeakWE,-1.562698
PLN_ALL,APR_2025,PeakWE,-0.539366
LILY_RN,APR_2025,PeakWE,0.070703
BUCKTHRN_RN,APR_2025,PeakWE,-0.040715
FEGC_RN,APR_2025,PeakWE,-2.639965
CBEC_ALL,APR_2025,PeakWE,-2.044624
FILESSLR_PV1,APR_2025,PeakWE,9.349909
BCATWD_WD_1,APR_2025,PeakWE,4.405532
HOPKNSLR_ALL,APR_2025,PeakWE,1.351475
RAT_RN_1,APR_2025,PeakWE,1.296092
SCLP_PUN2,APR_2025,PeakWE,-1.546967
SCLP_PUN3,APR_2025,PeakWE,-1.546967
SCLP_PUN4,APR_2025,PeakWE,-1.546403
BAC_RN_ALL,APR_2025,PeakWE,-3.918342
BRA_AVR1_CT2,APR_2025,PeakWE,-3.042222
CITRUSCY_RN,APR_2025,PeakWE,-3.611164
BR_ARROW_ALL,APR_2025,PeakWE,1.347627
LIGSW_RN,APR_2025,PeakWE,1.022942
SCLP_PUN1,APR_2025,PeakWE,-1.546377
LHSES_UNIT1,APR_2025,PeakWE,0.549464
LHSES_UNIT2,APR_2025,PeakWE,0.549464
NOVA2S_UNIT1,APR_2025,PeakWE,5.225888
QUEEN_SL_RN,APR_2025,PeakWE,-8.050408
CABEZON_ALL,APR_2025,PeakWE,5.515794
CHEDPW_GT2,APR_2025,PeakWE,-3.464579
T_CK_GT3_RN,APR_2025,PeakWE,0.717832
SHAMROCK_RN,APR_2025,PeakWE,-2.953528
TAYGETE2_ALL,APR_2025,PeakWE,-10.372914
B_D_B_DAVIG2,APR_2025,PeakWE,2.038093
MESTENO_RN,APR_2025,PeakWE,5.215794
MIRASOLE_GEN,APR_2025,PeakWE,5.031858
LNCRK_ALL,APR_2025,PeakWE,2.880042
KINGE_ALL,APR_2025,PeakWE,-8.837757
MADERO_RN,APR_2025,PeakWE,-3.277424
CR_RN,APR_2025,PeakWE,-2.955533
B_D_B_DAVIG1,APR_2025,PeakWE,2.038093
VERTIGO_UN1,APR_2025,PeakWE,6.717135
AEEC,APR_2025,PeakWE,5.685787
KINGW_ALL,APR_2025,PeakWE,-8.625532
ERSL_RN,APR_2025,PeakWE,-5.993670
CCEC_GT1,APR_2025,PeakWE,1.430723
CONTINEN_RN,APR_2025,PeakWE,-5.160529
JDKNS_RN,APR_2025,PeakWE,-13.641404
SP_RN,APR_2025,PeakWE,-3.529407
CCEC_GT2,APR_2025,PeakWE,1.430723
MAVCRK_W_ALL,APR_2025,PeakWE,2.036092
IMP_RN1,APR_2025,PeakWE,1.280917
